,predictor,BIC
0,sexp,311486.99193273514
1,sexp,311461.85117490654
2,sexp,311455.49635823676
3,sexp,311424.5235824451
4,['ageph' 'lat' 'long' 'fuelc'],311522.0871661198
5,['ageph' 'lat' 'long' 'split'],311379.86689767195
6,['ageph' 'lat' 'long' 'fleetc'],311481.30387964833
7,['ageph' 'lat' 'long' 'sportc'],311400.4081011417
8,['ageph' 'lat' 'long' 'coverp'],311426.4261947175
9,['ageph' 'lat' 'long' 'powerc'],311361.29760551726
10,['ageph' 'lat' 'long' 'agecar' 'usec'],311428.0713553327
11,['ageph' 'lat' 'long' 'agecar' 'sexp'],311412.60044473765
12,['ageph' 'lat' 'long' 'agecar' 'fuelc'],311492.8319412041
13,['ageph' 'lat' 'long' 'agecar' 'split'],311326.6457478116
14,['ageph' 'lat' 'long' 'agecar' 'fleetc'],311456.00008816185
15,['ageph' 'lat' 'long' 'agecar' 'sportc'],311368.6422838554
16,['ageph' 'lat' 'long' 'agecar' 'coverp'],311381.109158404
17,['ageph' 'lat' 'long' 'agecar' 'powerc'],311346.6806605167
18,['ageph' 'lat' 'long' 'usec' 'sexp'],311398.2017021398
19,['ageph' 'lat' 'long' 'usec' 'fuelc'],311490.1332695243
20,['ageph' 'lat' 'long' 'usec' 'split'],311360.6641691935
21,['ageph' 'lat' 'long' 'usec' 'fleetc'],311462.1690250872
22,['ageph' 'lat' 'long' 'usec' 'sportc'],311368.5806778565
23,['ageph' 'lat' 'long' 'usec' 'coverp'],311384.9138946825
24,['ageph' 'lat' 'long' 'usec' 'powerc'],311342.1718796381
25,['ageph' 'lat' 'long' 'sexp' 'fuelc'],311459.31166319805
26,['ageph' 'lat' 'long' 'sexp' 'split'],311320.00171880436
27,['ageph' 'lat' 'long' 'sexp' 'fleetc'],311419.0224567264
28,['ageph' 'lat' 'long' 'sexp' 'sportc'],311322.0239259294
29,['ageph' 'lat' 'long' 'sexp' 'coverp'],311396.3626422922
30,['ageph' 'lat' 'long' 'sexp' 'powerc'],311315.5038229734
31,['ageph' 'lat' 'long' 'fuelc' 'split'],311413.9667278904
32,['ageph' 'lat' 'long' 'fuelc' 'fleetc'],311517.7443359371
33,['ageph' 'lat' 'long' 'fuelc' 'sportc'],311433.4652304924
34,['ageph' 'lat' 'long' 'fuelc' 'coverp'],311449.5805077235
35,['ageph' 'lat' 'long' 'fuelc' 'powerc'],311393.68481461424
36,['ageph' 'lat' 'long' 'split' 'fleetc'],311379.64714230975
37,['ageph' 'lat' 'long' 'split' 'sportc'],311287.1033912045
38,['ageph' 'lat' 'long' 'split' 'coverp'],311318.4279589446
39,['ageph' 'lat' 'long' 'split' 'powerc'],311264.70032397815
40,['ageph' 'lat' 'long' 'fleetc' 'sportc'],311396.1599791693
41,['ageph' 'lat' 'long' 'fleetc' 'coverp'],311413.4368185034
42,['ageph' 'lat' 'long' 'fleetc' 'powerc'],311364.1815407684
43,['ageph' 'lat' 'long' 'sportc' 'coverp'],311253.16848104354
44,['ageph' 'lat' 'long' 'sportc' 'powerc'],311321.5276131833
45,['ageph' 'lat' 'long' 'coverp' 'powerc'],311377.07975779474
46,['ageph' 'lat' 'long' 'agecar' 'usec' 'sexp'],311383.98232794984
47,['ageph' 'lat' 'long' 'agecar' 'usec' 'fuelc'],311456.611099038
48,['ageph' 'lat' 'long' 'agecar' 'usec' 'split'],311307.8850263741
49,['ageph' 'lat' 'long' 'agecar' 'usec' 'fleetc'],311435.1390522792
50,['ageph' 'lat' 'long' 'agecar' 'usec' 'sportc'],311334.2856599381
51,['ageph' 'lat' 'long' 'agecar' 'usec' 'coverp'],311343.04167580704
52,['ageph' 'lat' 'long' 'agecar' 'usec' 'powerc'],311323.8266164289
53,['ageph' 'lat' 'long' 'agecar' 'sexp' 'fuelc'],311441.1870488852
54,['ageph' 'lat' 'long' 'agecar' 'sexp' 'split'],311280.0186004263
55,['ageph' 'lat' 'long' 'agecar' 'sexp' 'fleetc'],311407.17860777845
56,['ageph' 'lat' 'long' 'agecar' 'sexp' 'sportc'],311304.73598753946
57,['ageph' 'lat' 'long' 'agecar' 'sexp' 'coverp'],311353.49481321394
58,['ageph' 'lat' 'long' 'agecar' 'sexp' 'powerc'],311310.90223646717
59,['ageph' 'lat' 'long' 'agecar' 'fuelc' 'split'],311354.91279255255
60,['ageph' 'lat' 'long' 'agecar' 'fuelc' 'fleetc'],311487.6852780993
61,['ageph' 'lat' 'long' 'agecar' 'fuelc' 'sportc'],311400.79475397576
62,['ageph' 'lat' 'long' 'agecar' 'fuelc' 'coverp'],311405.173773955
63,['ageph' 'lat' 'long' 'agecar' 'fuelc' 'powerc'],311380.24818648974
64,['ageph' 'lat' 'long' 'agecar' 'split' 'fleetc'],311326.9961038093
65,['ageph' 'lat' 'long' 'agecar' 'split' 'sportc'],311229.1989734691
66,['ageph' 'lat' 'long' 'agecar' 'split' 'coverp'],311260.5509782028
67,['ageph' 'lat' 'long' 'agecar' 'split' 'powerc'],311223.0848067963
68,['ageph' 'lat' 'long' 'agecar' 'fleetc' 'sportc'],311363.86575587175
69,['ageph' 'lat' 'long' 'agecar' 'fleetc' 'coverp'],311372.22161262896
70,['ageph' 'lat' 'long' 'agecar' 'fleetc' 'powerc'],311348.14381222386
71,['ageph' 'lat' 'long' 'agecar' 'sportc' 'coverp'],311223.58491256484
72,['ageph' 'lat' 'long' 'agecar' 'sportc' 'powerc'],311298.6990900742
73,['ageph' 'lat' 'long' 'agecar' 'coverp' 'powerc'],311337.2621886945
74,['ageph' 'lat' 'long' 'usec' 'sexp' 'fuelc'],311431.53888982284
75,['ageph' 'lat' 'long' 'usec' 'sexp' 'split'],311305.08148111874
76,['ageph' 'lat' 'long' 'usec' 'sexp' 'fleetc'],311404.42849897133
77,['ageph' 'lat' 'long' 'usec' 'sexp' 'sportc'],311295.82203981845
78,['ageph' 'lat' 'long' 'usec' 'sexp' 'coverp'],311359.08257061883
79,['ageph' 'lat' 'long' 'usec' 'sexp' 'powerc'],311299.38533233636
80,['ageph' 'lat' 'long' 'usec' 'fuelc' 'split'],311393.57393450727
81,['ageph' 'lat' 'long' 'usec' 'fuelc' 'fleetc'],311497.1562213204
82,['ageph' 'lat' 'long' 'usec' 'fuelc' 'sportc'],311402.30295903643
83,['ageph' 'lat' 'long' 'usec' 'fuelc' 'coverp'],311407.5808651551
84,['ageph' 'lat' 'long' 'usec' 'fuelc' 'powerc'],311375.72165153275
85,['ageph' 'lat' 'long' 'usec' 'split' 'fleetc'],311368.9888826412
86,['ageph' 'lat' 'long' 'usec' 'split' 'sportc'],311266.8563173011
87,['ageph' 'lat' 'long' 'usec' 'split' 'coverp'],311291.38759268256
88,['ageph' 'lat' 'long' 'usec' 'split' 'powerc'],311255.1901760404
89,['ageph' 'lat' 'long' 'usec' 'fleetc' 'sportc'],311376.1737279178
90,['ageph' 'lat' 'long' 'usec' 'fleetc' 'coverp'],311387.902702281
91,['ageph' 'lat' 'long' 'usec' 'fleetc' 'powerc'],311352.1788066563
92,['ageph' 'lat' 'long' 'usec' 'sportc' 'coverp'],311210.66288514837
93,['ageph' 'lat' 'long' 'usec' 'sportc' 'powerc'],311300.231499837
94,['ageph' 'lat' 'long' 'usec' 'coverp' 'powerc'],311343.8860262892
95,['ageph' 'lat' 'long' 'sexp' 'fuelc' 'split'],311352.4329895616
96,['ageph' 'lat' 'long' 'sexp' 'fuelc' 'fleetc'],311454.7916085435
97,['ageph' 'lat' 'long' 'sexp' 'fuelc' 'sportc'],311356.5167788673
98,['ageph' 'lat' 'long' 'sexp' 'fuelc' 'coverp'],311417.53385776846
99,['ageph' 'lat' 'long' 'sexp' 'fuelc' 'powerc'],311350.5634405109
100,['ageph' 'lat' 'long' 'sexp' 'split' 'fleetc'],311319.6489049784
101,['ageph' 'lat' 'long' 'sexp' 'split' 'sportc'],311211.1163104945
102,['ageph' 'lat' 'long' 'sexp' 'split' 'coverp'],311291.52792891767
103,['ageph' 'lat' 'long' 'sexp' 'split' 'powerc'],311220.58889039257
104,['ageph' 'lat' 'long' 'sexp' 'fleetc' 'sportc'],311317.974437303
105,['ageph' 'lat' 'long' 'sexp' 'fleetc' 'coverp'],311383.62314385414
106,['ageph' 'lat' 'long' 'sexp' 'fleetc' 'powerc'],311317.8765572919
107,['ageph' 'lat' 'long' 'sexp' 'sportc' 'coverp'],311203.92222809064
108,['ageph' 'lat' 'long' 'sexp' 'sportc' 'powerc'],311262.2400781995
109,['ageph' 'lat' 'long' 'sexp' 'coverp' 'powerc'],311355.1017662493
110,['ageph' 'lat' 'long' 'fuelc' 'split' 'fleetc'],311414.61247347126
111,['ageph' 'lat' 'long' 'fuelc' 'split' 'sportc'],311320.5366235604
112,['ageph' 'lat' 'long' 'fuelc' 'split' 'coverp'],311340.3682731796
113,['ageph' 'lat' 'long' 'fuelc' 'split' 'powerc'],311298.34996014286
114,['ageph' 'lat' 'long' 'fuelc' 'fleetc' 'sportc'],311430.902749277
115,['ageph' 'lat' 'long' 'fuelc' 'fleetc' 'coverp'],311437.53894098866
116,['ageph' 'lat' 'long' 'fuelc' 'fleetc' 'powerc'],311398.37557232205
117,['ageph' 'lat' 'long' 'fuelc' 'sportc' 'coverp'],311275.65690980054
118,['ageph' 'lat' 'long' 'fuelc' 'sportc' 'powerc'],311351.16678765486
119,['ageph' 'lat' 'long' 'fuelc' 'coverp' 'powerc'],311400.4764113651
120,['ageph' 'lat' 'long' 'split' 'fleetc' 'sportc'],311287.81419519533
121,['ageph' 'lat' 'long' 'split' 'fleetc' 'coverp'],311315.32866802934
122,['ageph' 'lat' 'long' 'split' 'fleetc' 'powerc'],311270.9649222013
123,['ageph' 'lat' 'long' 'split' 'sportc' 'coverp'],311131.9456959862
124,['ageph' 'lat' 'long' 'split' 'sportc' 'powerc'],311218.84574715
125,['ageph' 'lat' 'long' 'split' 'coverp' 'powerc'],311276.2758898389
126,['ageph' 'lat' 'long' 'fleetc' 'sportc' 'coverp'],311242.5638200434
127,['ageph' 'lat' 'long' 'fleetc' 'sportc' 'powerc'],311324.14987577725
128,['ageph' 'lat' 'long' 'fleetc' 'coverp' 'powerc'],311371.1457438696
129,['ageph' 'lat' 'long' 'sportc' 'coverp' 'powerc'],311248.56443185144
130,['ageph' 'lat' 'long' 'agecar' 'usec' 'sexp' 'fuelc'],311409.31985187595
131,['ageph' 'lat' 'long' 'agecar' 'usec' 'sexp' 'split'],311265.4249798863
132,['ageph' 'lat' 'long' 'agecar' 'usec' 'sexp' 'fleetc'],311390.80808584456
133,['ageph' 'lat' 'long' 'agecar' 'usec' 'sexp' 'sportc'],311276.09150760993
134,['ageph' 'lat' 'long' 'agecar' 'usec' 'sexp' 'coverp'],311319.5649905515
135,['ageph' 'lat' 'long' 'agecar' 'usec' 'sexp' 'powerc'],311291.2737062737
136,['ageph' 'lat' 'long' 'agecar' 'usec' 'fuelc' 'split'],311333.11231427954
137,['ageph' 'lat' 'long' 'agecar' 'usec' 'fuelc' 'fleetc'],311463.8426199116
138,['ageph' 'lat' 'long' 'agecar' 'usec' 'fuelc' 'sportc'],311365.19934286876
139,['ageph' 'lat' 'long' 'agecar' 'usec' 'fuelc' 'coverp'],311365.8801082959
140,['ageph' 'lat' 'long' 'agecar' 'usec' 'fuelc' 'powerc'],311356.7427782518
141,['ageph' 'lat' 'long' 'agecar' 'usec' 'split' 'fleetc'],311316.6580040333
142,['ageph' 'lat' 'long' 'agecar' 'usec' 'split' 'sportc'],311209.0377015195
143,['ageph' 'lat' 'long' 'agecar' 'usec' 'split' 'coverp'],311238.21758167155
144,['ageph' 'lat' 'long' 'agecar' 'usec' 'split' 'powerc'],311212.61836165545
145,['ageph' 'lat' 'long' 'agecar' 'usec' 'fleetc' 'sportc'],311342.0221079064
146,['ageph' 'lat' 'long' 'agecar' 'usec' 'fleetc' 'coverp'],311348.4681431294
147,['ageph' 'lat' 'long' 'agecar' 'usec' 'fleetc' 'powerc'],311333.37375611585
148,['ageph' 'lat' 'long' 'agecar' 'usec' 'sportc' 'coverp'],311183.9150834646
149,['ageph' 'lat' 'long' 'agecar' 'usec' 'sportc' 'powerc'],311272.99146720744
150,['ageph' 'lat' 'long' 'agecar' 'usec' 'coverp' 'powerc'],311306.6337402041
151,['ageph' 'lat' 'long' 'agecar' 'sexp' 'fuelc' 'split'],311304.6115624853
152,['ageph' 'lat' 'long' 'agecar' 'sexp' 'fuelc' 'fleetc'],311436.11640240933
153,['ageph' 'lat' 'long' 'agecar' 'sexp' 'fuelc' 'sportc'],311336.02285180247
154,['ageph' 'lat' 'long' 'agecar' 'sexp' 'fuelc' 'coverp'],311375.4623136107
155,['ageph' 'lat' 'long' 'agecar' 'sexp' 'fuelc' 'powerc'],311344.8349337787
156,['ageph' 'lat' 'long' 'agecar' 'sexp' 'split' 'fleetc'],311280.47017130663
157,['ageph' 'lat' 'long' 'agecar' 'sexp' 'split' 'sportc'],311167.93700112303
158,['ageph' 'lat' 'long' 'agecar' 'sexp' 'split' 'coverp'],311235.97988014267
159,['ageph' 'lat' 'long' 'agecar' 'sexp' 'split' 'powerc'],311188.9790584629
160,['ageph' 'lat' 'long' 'agecar' 'sexp' 'fleetc' 'sportc'],311300.4028269336
161,['ageph' 'lat' 'long' 'agecar' 'sexp' 'fleetc' 'coverp'],311344.94491490826
162,['ageph' 'lat' 'long' 'agecar' 'sexp' 'fleetc' 'powerc'],311312.1307467814
163,['ageph' 'lat' 'long' 'agecar' 'sexp' 'sportc' 'coverp'],311179.15943460277
164,['ageph' 'lat' 'long' 'agecar' 'sexp' 'sportc' 'powerc'],311249.9718948414
165,['ageph' 'lat' 'long' 'agecar' 'sexp' 'coverp' 'powerc'],311316.8728002412
166,['ageph' 'lat' 'long' 'agecar' 'fuelc' 'split' 'fleetc'],311355.54454432183
167,['ageph' 'lat' 'long' 'agecar' 'fuelc' 'split' 'sportc'],311260.0654554909
168,['ageph' 'lat' 'long' 'agecar' 'fuelc' 'split' 'coverp'],311282.9353094227
169,['ageph' 'lat' 'long' 'agecar' 'fuelc' 'split' 'powerc'],311256.3138561247
170,['ageph' 'lat' 'long' 'agecar' 'fuelc' 'fleetc' 'sportc'],311397.08012691984
171,['ageph' 'lat' 'long' 'agecar' 'fuelc' 'fleetc' 'coverp'],311397.0791934485
172,['ageph' 'lat' 'long' 'agecar' 'fuelc' 'fleetc' 'powerc'],311383.01978027483
173,['ageph' 'lat' 'long' 'agecar' 'fuelc' 'sportc' 'coverp'],311248.1033210341
174,['ageph' 'lat' 'long' 'agecar' 'fuelc' 'sportc' 'powerc'],311331.19961522444
175,['ageph' 'lat' 'long' 'agecar' 'fuelc' 'coverp' 'powerc'],311363.28382661816
176,['ageph' 'lat' 'long' 'agecar' 'split' 'fleetc' 'sportc'],311230.0804639771
177,['ageph' 'lat' 'long' 'agecar' 'split' 'fleetc' 'coverp'],311260.498150747
178,['ageph' 'lat' 'long' 'agecar' 'split' 'fleetc' 'powerc'],311228.70400807477
179,['ageph' 'lat' 'long' 'agecar' 'split' 'sportc' 'coverp'],311093.88946288865
180,['ageph' 'lat' 'long' 'agecar' 'split' 'sportc' 'powerc'],311170.24965715734
181,['ageph' 'lat' 'long' 'agecar' 'split' 'coverp' 'powerc'],311224.0759041826
182,['ageph' 'lat' 'long' 'agecar' 'fleetc' 'sportc' 'coverp'],311216.089163561
183,['ageph' 'lat' 'long' 'agecar' 'fleetc' 'sportc' 'powerc'],311299.5904953088
184,['ageph' 'lat' 'long' 'agecar' 'fleetc' 'coverp' 'powerc'],311334.41465573874
185,['ageph' 'lat' 'long' 'agecar' 'sportc' 'coverp' 'powerc'],311220.49375035556
186,['ageph' 'lat' 'long' 'usec' 'sexp' 'fuelc' 'split'],311335.5789761928
187,['ageph' 'lat' 'long' 'usec' 'sexp' 'fuelc' 'fleetc'],311438.0576880971
188,['ageph' 'lat' 'long' 'usec' 'sexp' 'fuelc' 'sportc'],311329.8684688724
189,['ageph' 'lat' 'long' 'usec' 'sexp' 'fuelc' 'coverp'],311378.960089481
190,['ageph' 'lat' 'long' 'usec' 'sexp' 'fuelc' 'powerc'],311334.492359532
191,['ageph' 'lat' 'long' 'usec' 'sexp' 'split' 'fleetc'],311312.90544985986
192,['ageph' 'lat' 'long' 'usec' 'sexp' 'split' 'sportc'],311195.5283097276
193,['ageph' 'lat' 'long' 'usec' 'sexp' 'split' 'coverp'],311267.8749289067
194,['ageph' 'lat' 'long' 'usec' 'sexp' 'split' 'powerc'],311213.56337949017
195,['ageph' 'lat' 'long' 'usec' 'sexp' 'fleetc' 'sportc'],311302.97943976853
196,['ageph' 'lat' 'long' 'usec' 'sexp' 'fleetc' 'coverp'],311361.57740180555
197,['ageph' 'lat' 'long' 'usec' 'sexp' 'fleetc' 'powerc'],311308.8892110391
198,['ageph' 'lat' 'long' 'usec' 'sexp' 'sportc' 'coverp'],311166.2945177627
199,['ageph' 'lat' 'long' 'usec' 'sexp' 'sportc' 'powerc'],311244.05361429806
200,['ageph' 'lat' 'long' 'usec' 'sexp' 'coverp' 'powerc'],311324.7834842907
201,['ageph' 'lat' 'long' 'usec' 'fuelc' 'split' 'fleetc'],311402.14228011866
202,['ageph' 'lat' 'long' 'usec' 'fuelc' 'split' 'sportc'],311300.0410569353
203,['ageph' 'lat' 'long' 'usec' 'fuelc' 'split' 'coverp'],311312.2293175933
204,['ageph' 'lat' 'long' 'usec' 'fuelc' 'split' 'powerc'],311288.95371609525
205,['ageph' 'lat' 'long' 'usec' 'fuelc' 'fleetc' 'sportc'],311410.32493243244
206,['ageph' 'lat' 'long' 'usec' 'fuelc' 'fleetc' 'coverp'],311410.84756564896
207,['ageph' 'lat' 'long' 'usec' 'fuelc' 'fleetc' 'powerc'],311386.21556262573
208,['ageph' 'lat' 'long' 'usec' 'fuelc' 'sportc' 'coverp'],311234.39551001665
209,['ageph' 'lat' 'long' 'usec' 'fuelc' 'sportc' 'powerc'],311331.62933171005
210,['ageph' 'lat' 'long' 'usec' 'fuelc' 'coverp' 'powerc'],311368.3052606179
211,['ageph' 'lat' 'long' 'usec' 'split' 'fleetc' 'sportc'],311275.84092585393
212,['ageph' 'lat' 'long' 'usec' 'split' 'fleetc' 'coverp'],311299.0512549028
213,['ageph' 'lat' 'long' 'usec' 'split' 'fleetc' 'powerc'],311265.98780690157
214,['ageph' 'lat' 'long' 'usec' 'split' 'sportc' 'coverp'],311103.18699542765
215,['ageph' 'lat' 'long' 'usec' 'split' 'sportc' 'powerc'],311206.9840340257
216,['ageph' 'lat' 'long' 'usec' 'split' 'coverp' 'powerc'],311255.678391731
217,['ageph' 'lat' 'long' 'usec' 'fleetc' 'sportc' 'coverp'],311215.4642546887
218,['ageph' 'lat' 'long' 'usec' 'fleetc' 'sportc' 'powerc'],311310.31736267434
219,['ageph' 'lat' 'long' 'usec' 'fleetc' 'coverp' 'powerc'],311350.1873953556
220,['ageph' 'lat' 'long' 'usec' 'sportc' 'coverp' 'powerc'],311210.93122970586
221,['ageph' 'lat' 'long' 'sexp' 'fuelc' 'split' 'fleetc'],311352.64298396476
222,['ageph' 'lat' 'long' 'sexp' 'fuelc' 'split' 'sportc'],311244.6042645624
223,['ageph' 'lat' 'long' 'sexp' 'fuelc' 'split' 'coverp'],311310.6339331101
224,['ageph' 'lat' 'long' 'sexp' 'fuelc' 'split' 'powerc'],311255.45653533743
225,['ageph' 'lat' 'long' 'sexp' 'fuelc' 'fleetc' 'sportc'],311353.7934450591
226,['ageph' 'lat' 'long' 'sexp' 'fuelc' 'fleetc' 'coverp'],311405.328933918
227,['ageph' 'lat' 'long' 'sexp' 'fuelc' 'fleetc' 'powerc'],311354.5155375081
228,['ageph' 'lat' 'long' 'sexp' 'fuelc' 'sportc' 'coverp'],311226.5512987412
229,['ageph' 'lat' 'long' 'sexp' 'fuelc' 'sportc' 'powerc'],311295.6363486925
230,['ageph' 'lat' 'long' 'sexp' 'fuelc' 'coverp' 'powerc'],311378.11079070787
231,['ageph' 'lat' 'long' 'sexp' 'split' 'fleetc' 'sportc'],311211.6653020359
232,['ageph' 'lat' 'long' 'sexp' 'split' 'fleetc' 'coverp'],311288.2675763045
233,['ageph' 'lat' 'long' 'sexp' 'split' 'fleetc' 'powerc'],311226.27577238687
234,['ageph' 'lat' 'long' 'sexp' 'split' 'sportc' 'coverp'],311085.91960222245
235,['ageph' 'lat' 'long' 'sexp' 'split' 'sportc' 'powerc'],311160.6595999702
236,['ageph' 'lat' 'long' 'sexp' 'split' 'coverp' 'powerc'],311256.7157895744
237,['ageph' 'lat' 'long' 'sexp' 'fleetc' 'sportc' 'coverp'],311193.53905696055
238,['ageph' 'lat' 'long' 'sexp' 'fleetc' 'sportc' 'powerc'],311264.2316145296
239,['ageph' 'lat' 'long' 'sexp' 'fleetc' 'coverp' 'powerc'],311348.7004844099
240,['ageph' 'lat' 'long' 'sexp' 'sportc' 'coverp' 'powerc'],311206.6747665483
241,['ageph' 'lat' 'long' 'fuelc' 'split' 'fleetc' 'sportc'],311322.3981405983
242,['ageph' 'lat' 'long' 'fuelc' 'split' 'fleetc' 'coverp'],311337.8005799002
243,['ageph' 'lat' 'long' 'fuelc' 'split' 'fleetc' 'powerc'],311305.83010593435
244,['ageph' 'lat' 'long' 'fuelc' 'split' 'sportc' 'coverp'],311154.8433070365
245,['ageph' 'lat' 'long' 'fuelc' 'split' 'sportc' 'powerc'],311250.4876815503
246,['ageph' 'lat' 'long' 'fuelc' 'split' 'coverp' 'powerc'],311299.93551825965
247,['ageph' 'lat' 'long' 'fuelc' 'fleetc' 'sportc' 'coverp'],311266.6527730061
248,['ageph' 'lat' 'long' 'fuelc' 'fleetc' 'sportc' 'powerc'],311355.7729547573
249,['ageph' 'lat' 'long' 'fuelc' 'fleetc' 'coverp' 'powerc'],311396.2886407043
250,['ageph' 'lat' 'long' 'fuelc' 'sportc' 'coverp' 'powerc'],311269.70280178613
251,['ageph' 'lat' 'long' 'split' 'fleetc' 'sportc' 'coverp'],311130.66988041037
252,['ageph' 'lat' 'long' 'split' 'fleetc' 'sportc' 'powerc'],311224.7827474969
253,['ageph' 'lat' 'long' 'split' 'fleetc' 'coverp' 'powerc'],311278.3932237822
254,['ageph' 'lat' 'long' 'split' 'sportc' 'coverp' 'powerc'],311133.1978435372
255,['ageph' 'lat' 'long' 'fleetc' 'sportc' 'coverp' 'powerc'],311241.85914292966
256,['ageph' 'lat' 'long' 'agecar' 'usec' 'sexp' 'fuelc' 'split'],311286.4097038649
257,['ageph' 'lat' 'long' 'agecar' 'usec' 'sexp' 'fuelc' 'fleetc'],311416.2359021522
258,['ageph' 'lat' 'long' 'agecar' 'usec' 'sexp' 'fuelc' 'sportc'],311305.19135986804
259,['ageph' 'lat' 'long' 'agecar' 'usec' 'sexp' 'fuelc' 'coverp'],311339.54797342815
260,['ageph' 'lat' 'long' 'agecar' 'usec' 'sexp' 'fuelc' 'powerc'],311323.47583705344
261,['ageph' 'lat' 'long' 'agecar' 'usec' 'sexp' 'split' 'fleetc'],311273.9208090186
262,['ageph' 'lat' 'long' 'agecar' 'usec' 'sexp' 'split' 'sportc'],311152.39281184255
263,['ageph' 'lat' 'long' 'agecar' 'usec' 'sexp' 'split' 'coverp'],311216.8541862186
264,['ageph' 'lat' 'long' 'agecar' 'usec' 'sexp' 'split' 'powerc'],311181.11921019445
265,['ageph' 'lat' 'long' 'agecar' 'usec' 'sexp' 'fleetc' 'sportc'],311283.58275450894
266,['ageph' 'lat' 'long' 'agecar' 'usec' 'sexp' 'fleetc' 'coverp'],311324.6739418328
267,['ageph' 'lat' 'long' 'agecar' 'usec' 'sexp' 'fleetc' 'powerc'],311300.5065222562
268,['ageph' 'lat' 'long' 'agecar' 'usec' 'sexp' 'sportc' 'coverp'],311144.281762134
269,['ageph' 'lat' 'long' 'agecar' 'usec' 'sexp' 'sportc' 'powerc'],311227.68222473335
270,['ageph' 'lat' 'long' 'agecar' 'usec' 'sexp' 'coverp' 'powerc'],311289.1340960419
271,['ageph' 'lat' 'long' 'agecar' 'usec' 'fuelc' 'split' 'fleetc'],311341.9560062694
272,['ageph' 'lat' 'long' 'agecar' 'usec' 'fuelc' 'split' 'sportc'],311237.8487474004
273,['ageph' 'lat' 'long' 'agecar' 'usec' 'fuelc' 'split' 'coverp'],311258.8114531874
274,['ageph' 'lat' 'long' 'agecar' 'usec' 'fuelc' 'split' 'powerc'],311244.1774897671
275,['ageph' 'lat' 'long' 'agecar' 'usec' 'fuelc' 'fleetc' 'sportc'],311373.1715196998
276,['ageph' 'lat' 'long' 'agecar' 'usec' 'fuelc' 'fleetc' 'coverp'],311371.5158139259
277,['ageph' 'lat' 'long' 'agecar' 'usec' 'fuelc' 'fleetc' 'powerc'],311366.59006811824
278,['ageph' 'lat' 'long' 'agecar' 'usec' 'fuelc' 'sportc' 'coverp'],311208.8863604337
279,['ageph' 'lat' 'long' 'agecar' 'usec' 'fuelc' 'sportc' 'powerc'],311305.48841499677
280,['ageph' 'lat' 'long' 'agecar' 'usec' 'fuelc' 'coverp' 'powerc'],311332.83540758165
281,['ageph' 'lat' 'long' 'agecar' 'usec' 'split' 'fleetc' 'sportc'],311218.2147187816
282,['ageph' 'lat' 'long' 'agecar' 'usec' 'split' 'fleetc' 'coverp'],311247.2587492835
283,['ageph' 'lat' 'long' 'agecar' 'usec' 'split' 'fleetc' 'powerc'],311223.04627334746
284,['ageph' 'lat' 'long' 'agecar' 'usec' 'split' 'sportc' 'coverp'],311069.3316117231
285,['ageph' 'lat' 'long' 'agecar' 'usec' 'split' 'sportc' 'powerc'],311156.7698081672
286,['ageph' 'lat' 'long' 'agecar' 'usec' 'split' 'coverp' 'powerc'],311207.3232061349
287,['ageph' 'lat' 'long' 'agecar' 'usec' 'fleetc' 'sportc' 'coverp'],311190.4796390191
288,['ageph' 'lat' 'long' 'agecar' 'usec' 'fleetc' 'sportc' 'powerc'],311282.5145905869
289,['ageph' 'lat' 'long' 'agecar' 'usec' 'fleetc' 'coverp' 'powerc'],311314.64997179626
290,['ageph' 'lat' 'long' 'agecar' 'usec' 'sportc' 'coverp' 'powerc'],311185.1120131638
291,['ageph' 'lat' 'long' 'agecar' 'sexp' 'fuelc' 'split' 'fleetc'],311305.0502446143
292,['ageph' 'lat' 'long' 'agecar' 'sexp' 'fuelc' 'split' 'sportc'],311196.5773174316
293,['ageph' 'lat' 'long' 'agecar' 'sexp' 'fuelc' 'split' 'coverp'],311255.44321979035
294,['ageph' 'lat' 'long' 'agecar' 'sexp' 'fuelc' 'split' 'powerc'],311221.1463613071
295,['ageph' 'lat' 'long' 'agecar' 'sexp' 'fuelc' 'fleetc' 'sportc'],311332.3943662212
296,['ageph' 'lat' 'long' 'agecar' 'sexp' 'fuelc' 'fleetc' 'coverp'],311367.3310562167
297,['ageph' 'lat' 'long' 'agecar' 'sexp' 'fuelc' 'fleetc' 'powerc'],311347.06939718087
298,['ageph' 'lat' 'long' 'agecar' 'sexp' 'fuelc' 'sportc' 'coverp'],311203.43354728987
299,['ageph' 'lat' 'long' 'agecar' 'sexp' 'fuelc' 'sportc' 'powerc'],311283.73044309474
300,['ageph' 'lat' 'long' 'agecar' 'sexp' 'fuelc' 'coverp' 'powerc'],311342.31113767193
301,['ageph' 'lat' 'long' 'agecar' 'sexp' 'split' 'fleetc' 'sportc'],311168.89105170046
302,['ageph' 'lat' 'long' 'agecar' 'sexp' 'split' 'fleetc' 'coverp'],311235.9053434012
303,['ageph' 'lat' 'long' 'agecar' 'sexp' 'split' 'fleetc' 'powerc'],311194.27694371185
304,['ageph' 'lat' 'long' 'agecar' 'sexp' 'split' 'sportc' 'coverp'],311052.66407702497
305,['ageph' 'lat' 'long' 'agecar' 'sexp' 'split' 'sportc' 'powerc'],311122.92624628905
306,['ageph' 'lat' 'long' 'agecar' 'sexp' 'split' 'coverp' 'powerc'],311205.9577205017
307,['ageph' 'lat' 'long' 'agecar' 'sexp' 'fleetc' 'sportc' 'coverp'],311171.97769077297
308,['ageph' 'lat' 'long' 'agecar' 'sexp' 'fleetc' 'sportc' 'powerc'],311250.51046218444
309,['ageph' 'lat' 'long' 'agecar' 'sexp' 'fleetc' 'coverp' 'powerc'],311313.76639257214
310,['ageph' 'lat' 'long' 'agecar' 'sexp' 'sportc' 'coverp' 'powerc'],311182.6669263127
311,['ageph' 'lat' 'long' 'agecar' 'fuelc' 'split' 'fleetc' 'sportc'],311261.52365960943
312,['ageph' 'lat' 'long' 'agecar' 'fuelc' 'split' 'fleetc' 'coverp'],311283.28049386665
313,['ageph' 'lat' 'long' 'agecar' 'fuelc' 'split' 'fleetc' 'powerc'],311262.6633983231
314,['ageph' 'lat' 'long' 'agecar' 'fuelc' 'split' 'sportc' 'coverp'],311118.2604356971
315,['ageph' 'lat' 'long' 'agecar' 'fuelc' 'split' 'sportc' 'powerc'],311203.18711456854
316,['ageph' 'lat' 'long' 'agecar' 'fuelc' 'split' 'coverp' 'powerc'],311249.8076122891
317,['ageph' 'lat' 'long' 'agecar' 'fuelc' 'fleetc' 'sportc' 'coverp'],311241.98643630923
318,['ageph' 'lat' 'long' 'agecar' 'fuelc' 'fleetc' 'sportc' 'powerc'],311333.6014220186
319,['ageph' 'lat' 'long' 'agecar' 'fuelc' 'fleetc' 'coverp' 'powerc'],311361.93629537156
320,['ageph' 'lat' 'long' 'agecar' 'fuelc' 'sportc' 'coverp' 'powerc'],311245.07878747385
321,['ageph' 'lat' 'long' 'agecar' 'split' 'fleetc' 'sportc' 'coverp'],311094.7913333316
322,['ageph' 'lat' 'long' 'agecar' 'split' 'fleetc' 'sportc' 'powerc'],311175.2731062235
323,['ageph' 'lat' 'long' 'agecar' 'split' 'fleetc' 'coverp' 'powerc'],311228.32698475476
324,['ageph' 'lat' 'long' 'agecar' 'split' 'sportc' 'coverp' 'powerc'],311096.6273549545
325,['ageph' 'lat' 'long' 'agecar' 'fleetc' 'sportc' 'coverp' 'powerc'],311216.55649132055
326,['ageph' 'lat' 'long' 'usec' 'sexp' 'fuelc' 'split' 'fleetc'],311343.59196902445
327,['ageph' 'lat' 'long' 'usec' 'sexp' 'fuelc' 'split' 'sportc'],311227.9154590771
328,['ageph' 'lat' 'long' 'usec' 'sexp' 'fuelc' 'split' 'coverp'],311285.2957193439
329,['ageph' 'lat' 'long' 'usec' 'sexp' 'fuelc' 'split' 'powerc'],311247.67492329644
330,['ageph' 'lat' 'long' 'usec' 'sexp' 'fuelc' 'fleetc' 'sportc'],311337.4122850174
331,['ageph' 'lat' 'long' 'usec' 'sexp' 'fuelc' 'fleetc' 'coverp'],311381.6157283702
332,['ageph' 'lat' 'long' 'usec' 'sexp' 'fuelc' 'fleetc' 'powerc'],311344.49534960935
333,['ageph' 'lat' 'long' 'usec' 'sexp' 'fuelc' 'sportc' 'coverp'],311189.1545861051
334,['ageph' 'lat' 'long' 'usec' 'sexp' 'fuelc' 'sportc' 'powerc'],311278.01261474495
335,['ageph' 'lat' 'long' 'usec' 'sexp' 'fuelc' 'coverp' 'powerc'],311347.8010176155
336,['ageph' 'lat' 'long' 'usec' 'sexp' 'split' 'fleetc' 'sportc'],311204.0094405624
337,['ageph' 'lat' 'long' 'usec' 'sexp' 'split' 'fleetc' 'coverp'],311274.9374043346
338,['ageph' 'lat' 'long' 'usec' 'sexp' 'split' 'fleetc' 'powerc'],311223.90188484313
339,['ageph' 'lat' 'long' 'usec' 'sexp' 'split' 'sportc' 'coverp'],311061.0990913719
340,['ageph' 'lat' 'long' 'usec' 'sexp' 'split' 'sportc' 'powerc'],311151.3626631771
341,['ageph' 'lat' 'long' 'usec' 'sexp' 'split' 'coverp' 'powerc'],311238.43319271243
342,['ageph' 'lat' 'long' 'usec' 'sexp' 'fleetc' 'sportc' 'coverp'],311170.55008081015
343,['ageph' 'lat' 'long' 'usec' 'sexp' 'fleetc' 'sportc' 'powerc'],311253.5802302196
344,['ageph' 'lat' 'long' 'usec' 'sexp' 'fleetc' 'coverp' 'powerc'],311330.36679412524
345,['ageph' 'lat' 'long' 'usec' 'sexp' 'sportc' 'coverp' 'powerc'],311172.3352580927
346,['ageph' 'lat' 'long' 'usec' 'fuelc' 'split' 'fleetc' 'sportc'],311309.33587094577
347,['ageph' 'lat' 'long' 'usec' 'fuelc' 'split' 'fleetc' 'coverp'],311320.0587362645
348,['ageph' 'lat' 'long' 'usec' 'fuelc' 'split' 'fleetc' 'powerc'],311300.088829306
349,['ageph' 'lat' 'long' 'usec' 'fuelc' 'split' 'sportc' 'coverp'],311126.42869300843
350,['ageph' 'lat' 'long' 'usec' 'fuelc' 'split' 'sportc' 'powerc'],311239.25099099346
351,['ageph' 'lat' 'long' 'usec' 'fuelc' 'split' 'coverp' 'powerc'],311279.3859328477
352,['ageph' 'lat' 'long' 'usec' 'fuelc' 'fleetc' 'sportc' 'coverp'],311239.67945636273
353,['ageph' 'lat' 'long' 'usec' 'fuelc' 'fleetc' 'sportc' 'powerc'],311342.2415111466
354,['ageph' 'lat' 'long' 'usec' 'fuelc' 'fleetc' 'coverp' 'powerc'],311375.1993994436
355,['ageph' 'lat' 'long' 'usec' 'fuelc' 'sportc' 'coverp' 'powerc'],311234.1991160654
356,['ageph' 'lat' 'long' 'usec' 'split' 'fleetc' 'sportc' 'coverp'],311112.3435126609
357,['ageph' 'lat' 'long' 'usec' 'split' 'fleetc' 'sportc' 'powerc'],311217.8191631389
358,['ageph' 'lat' 'long' 'usec' 'split' 'fleetc' 'coverp' 'powerc'],311265.7951056821
359,['ageph' 'lat' 'long' 'usec' 'split' 'sportc' 'coverp' 'powerc'],311108.0852831222
360,['ageph' 'lat' 'long' 'usec' 'fleetc' 'sportc' 'coverp' 'powerc'],311217.3435648037
361,['ageph' 'lat' 'long' 'sexp' 'fuelc' 'split' 'fleetc' 'sportc'],311246.0180795264
362,['ageph' 'lat' 'long' 'sexp' 'fuelc' 'split' 'fleetc' 'coverp'],311307.59236138116
363,['ageph' 'lat' 'long' 'sexp' 'fuelc' 'split' 'fleetc' 'powerc'],311262.1901734495
364,['ageph' 'lat' 'long' 'sexp' 'fuelc' 'split' 'sportc' 'coverp'],311108.00586722296
365,['ageph' 'lat' 'long' 'sexp' 'fuelc' 'split' 'sportc' 'powerc'],311194.5785768252
366,['ageph' 'lat' 'long' 'sexp' 'fuelc' 'split' 'coverp' 'powerc'],311279.0044795978
367,['ageph' 'lat' 'long' 'sexp' 'fuelc' 'fleetc' 'sportc' 'coverp'],311217.34667457384
368,['ageph' 'lat' 'long' 'sexp' 'fuelc' 'fleetc' 'sportc' 'powerc'],311299.39310537174
369,['ageph' 'lat' 'long' 'sexp' 'fuelc' 'fleetc' 'coverp' 'powerc'],311373.0280262287
370,['ageph' 'lat' 'long' 'sexp' 'fuelc' 'sportc' 'coverp' 'powerc'],311228.93612934614
371,['ageph' 'lat' 'long' 'sexp' 'split' 'fleetc' 'sportc' 'coverp'],311084.4047913587
372,['ageph' 'lat' 'long' 'sexp' 'split' 'fleetc' 'sportc' 'powerc'],311165.8725807302
373,['ageph' 'lat' 'long' 'sexp' 'split' 'fleetc' 'coverp' 'powerc'],311258.1861881632
374,['ageph' 'lat' 'long' 'sexp' 'split' 'sportc' 'coverp' 'powerc'],311093.45366025955
375,['ageph' 'lat' 'long' 'sexp' 'fleetc' 'sportc' 'coverp' 'powerc'],311199.2741452952
376,['ageph' 'lat' 'long' 'fuelc' 'split' 'fleetc' 'sportc' 'coverp'],311154.60394863854
377,['ageph' 'lat' 'long' 'fuelc' 'split' 'fleetc' 'sportc' 'powerc'],311257.79630432354
378,['ageph' 'lat' 'long' 'fuelc' 'split' 'fleetc' 'coverp' 'powerc'],311303.17121183354
379,['ageph' 'lat' 'long' 'fuelc' 'split' 'sportc' 'coverp' 'powerc'],311155.63007792813
380,['ageph' 'lat' 'long' 'fuelc' 'fleetc' 'sportc' 'coverp' 'powerc'],311265.18748485885
381,['ageph' 'lat' 'long' 'split' 'fleetc' 'sportc' 'coverp' 'powerc'],311134.66488443076
382,['ageph' 'lat' 'long' 'agecar' 'usec' 'sexp' 'fuelc' 'split' 'fleetc'],311294.9070777321
383,['ageph' 'lat' 'long' 'agecar' 'usec' 'sexp' 'fuelc' 'split' 'sportc'],311178.2851563857
384,['ageph' 'lat' 'long' 'agecar' 'usec' 'sexp' 'fuelc' 'split' 'coverp'],311233.9927434049
385,['ageph' 'lat' 'long' 'agecar' 'usec' 'sexp' 'fuelc' 'split' 'powerc'],311210.8003704571
386,['ageph' 'lat' 'long' 'agecar' 'usec' 'sexp' 'fuelc' 'fleetc' 'sportc'],311312.85769933544
387,['ageph' 'lat' 'long' 'agecar' 'usec' 'sexp' 'fuelc' 'fleetc' 'coverp'],311344.76838151127
388,['ageph' 'lat' 'long' 'agecar' 'usec' 'sexp' 'fuelc' 'fleetc' 'powerc'],311332.97367102734
389,['ageph' 'lat' 'long' 'agecar' 'usec' 'sexp' 'fuelc' 'sportc' 'coverp'],311168.038765948
390,['ageph' 'lat' 'long' 'agecar' 'usec' 'sexp' 'fuelc' 'sportc' 'powerc'],311260.2267548691
391,['ageph' 'lat' 'long' 'agecar' 'usec' 'sexp' 'fuelc' 'coverp' 'powerc'],311313.7706027132
392,['ageph' 'lat' 'long' 'agecar' 'usec' 'sexp' 'split' 'fleetc' 'sportc'],311161.2780336164
393,['ageph' 'lat' 'long' 'agecar' 'usec' 'sexp' 'split' 'fleetc' 'coverp'],311225.51600990095
394,['ageph' 'lat' 'long' 'agecar' 'usec' 'sexp' 'split' 'fleetc' 'powerc'],311191.2844423052
395,['ageph' 'lat' 'long' 'agecar' 'usec' 'sexp' 'split' 'sportc' 'coverp'],311031.86010431784
396,['ageph' 'lat' 'long' 'agecar' 'usec' 'sexp' 'split' 'sportc' 'powerc'],311112.1989546268
397,['ageph' 'lat' 'long' 'agecar' 'usec' 'sexp' 'split' 'coverp' 'powerc'],311191.45578206686
398,['ageph' 'lat' 'long' 'agecar' 'usec' 'sexp' 'fleetc' 'sportc' 'coverp'],311150.48241919087
399,['ageph' 'lat' 'long' 'agecar' 'usec' 'sexp' 'fleetc' 'sportc' 'powerc'],311236.829792117
400,['ageph' 'lat' 'long' 'agecar' 'usec' 'sexp' 'fleetc' 'coverp' 'powerc'],311296.67522109544
401,['ageph' 'lat' 'long' 'agecar' 'usec' 'sexp' 'sportc' 'coverp' 'powerc'],311150.607138324
402,['ageph' 'lat' 'long' 'agecar' 'usec' 'fuelc' 'split' 'fleetc' 'sportc'],311247.1579624205
403,['ageph' 'lat' 'long' 'agecar' 'usec' 'fuelc' 'split' 'fleetc' 'coverp'],311267.9689052983
404,['ageph' 'lat' 'long' 'agecar' 'usec' 'fuelc' 'split' 'fleetc' 'powerc'],311254.77188977046
405,['ageph' 'lat' 'long' 'agecar' 'usec' 'fuelc' 'split' 'sportc' 'coverp'],311093.2813072781
406,['ageph' 'lat' 'long' 'agecar' 'usec' 'fuelc' 'split' 'sportc' 'powerc'],311188.55931308435
407,['ageph' 'lat' 'long' 'agecar' 'usec' 'fuelc' 'split' 'coverp' 'powerc'],311232.2920204147
408,['ageph' 'lat' 'long' 'agecar' 'usec' 'fuelc' 'fleetc' 'sportc' 'coverp'],311215.82538502966
409,['ageph' 'lat' 'long' 'agecar' 'usec' 'fuelc' 'fleetc' 'sportc' 'powerc'],311315.3548611211
410,['ageph' 'lat' 'long' 'agecar' 'usec' 'fuelc' 'fleetc' 'coverp' 'powerc'],311341.31003545725
411,['ageph' 'lat' 'long' 'agecar' 'usec' 'fuelc' 'sportc' 'coverp' 'powerc'],311210.9355811782
412,['ageph' 'lat' 'long' 'agecar' 'usec' 'split' 'fleetc' 'sportc' 'coverp'],311079.2726566139
413,['ageph' 'lat' 'long' 'agecar' 'usec' 'split' 'fleetc' 'sportc' 'powerc'],311167.15783643385
414,['ageph' 'lat' 'long' 'agecar' 'usec' 'split' 'fleetc' 'coverp' 'powerc'],311218.18146758055
415,['ageph' 'lat' 'long' 'agecar' 'usec' 'split' 'sportc' 'coverp' 'powerc'],311075.2042053413
416,['ageph' 'lat' 'long' 'agecar' 'usec' 'fleetc' 'sportc' 'coverp' 'powerc'],311193.0358963432
417,['ageph' 'lat' 'long' 'agecar' 'sexp' 'fuelc' 'split' 'fleetc' 'sportc'],311197.8207556391
418,['ageph' 'lat' 'long' 'agecar' 'sexp' 'fuelc' 'split' 'fleetc' 'coverp'],311255.49066312204
419,['ageph' 'lat' 'long' 'agecar' 'sexp' 'fuelc' 'split' 'fleetc' 'powerc'],311226.93828712776
420,['ageph' 'lat' 'long' 'agecar' 'sexp' 'fuelc' 'split' 'sportc' 'coverp'],311075.840810031
421,['ageph' 'lat' 'long' 'agecar' 'sexp' 'fuelc' 'split' 'sportc' 'powerc'],311155.5859060839
422,['ageph' 'lat' 'long' 'agecar' 'sexp' 'fuelc' 'split' 'coverp' 'powerc'],311230.1450663728
423,['ageph' 'lat' 'long' 'agecar' 'sexp' 'fuelc' 'fleetc' 'sportc' 'coverp'],311197.24209620344
424,['ageph' 'lat' 'long' 'agecar' 'sexp' 'fuelc' 'fleetc' 'sportc' 'powerc'],311285.46781797626
425,['ageph' 'lat' 'long' 'agecar' 'sexp' 'fuelc' 'fleetc' 'coverp' 'powerc'],311340.3256214672
426,['ageph' 'lat' 'long' 'agecar' 'sexp' 'fuelc' 'sportc' 'coverp' 'powerc'],311207.9294930379
427,['ageph' 'lat' 'long' 'agecar' 'sexp' 'split' 'fleetc' 'sportc' 'coverp'],311053.47823085036
428,['ageph' 'lat' 'long' 'agecar' 'sexp' 'split' 'fleetc' 'sportc' 'powerc'],311127.48476708896
429,['ageph' 'lat' 'long' 'agecar' 'sexp' 'split' 'fleetc' 'coverp' 'powerc'],311209.8038144537
430,['ageph' 'lat' 'long' 'agecar' 'sexp' 'split' 'sportc' 'coverp' 'powerc'],311060.9861060175
431,['ageph' 'lat' 'long' 'agecar' 'sexp' 'fleetc' 'sportc' 'coverp' 'powerc'],311178.2817325779
432,['ageph' 'lat' 'long' 'agecar' 'fuelc' 'split' 'fleetc' 'sportc' 'coverp'],311120.0027149791
433,['ageph' 'lat' 'long' 'agecar' 'fuelc' 'split' 'fleetc' 'sportc' 'powerc'],311209.10707406246
434,['ageph' 'lat' 'long' 'agecar' 'fuelc' 'split' 'fleetc' 'coverp' 'powerc'],311254.9594641067
435,['ageph' 'lat' 'long' 'agecar' 'fuelc' 'split' 'sportc' 'coverp' 'powerc'],311121.8911717031
436,['ageph' 'lat' 'long' 'agecar' 'fuelc' 'fleetc' 'sportc' 'coverp' 'powerc'],311243.042484288
437,['ageph' 'lat' 'long' 'agecar' 'split' 'fleetc' 'sportc' 'coverp' 'powerc'],311100.0126568302
438,['ageph' 'lat' 'long' 'usec' 'sexp' 'fuelc' 'split' 'fleetc' 'sportc'],311236.6744135865
439,['ageph' 'lat' 'long' 'usec' 'sexp' 'fuelc' 'split' 'fleetc' 'coverp'],311292.436487786
440,['ageph' 'lat' 'long' 'usec' 'sexp' 'fuelc' 'split' 'fleetc' 'powerc'],311258.3743439402
441,['ageph' 'lat' 'long' 'usec' 'sexp' 'fuelc' 'split' 'sportc' 'coverp'],311082.757632368
442,['ageph' 'lat' 'long' 'usec' 'sexp' 'fuelc' 'split' 'sportc' 'powerc'],311184.95148918696
443,['ageph' 'lat' 'long' 'usec' 'sexp' 'fuelc' 'split' 'coverp' 'powerc'],311259.999615536
444,['ageph' 'lat' 'long' 'usec' 'sexp' 'fuelc' 'fleetc' 'sportc' 'coverp'],311193.79615789966
445,['ageph' 'lat' 'long' 'usec' 'sexp' 'fuelc' 'fleetc' 'sportc' 'powerc'],311288.09035210544
446,['ageph' 'lat' 'long' 'usec' 'sexp' 'fuelc' 'fleetc' 'coverp' 'powerc'],311353.860744342
447,['ageph' 'lat' 'long' 'usec' 'sexp' 'fuelc' 'sportc' 'coverp' 'powerc'],311195.47754690907
448,['ageph' 'lat' 'long' 'usec' 'sexp' 'split' 'fleetc' 'sportc' 'coverp'],311069.5929964135
449,['ageph' 'lat' 'long' 'usec' 'sexp' 'split' 'fleetc' 'sportc' 'powerc'],311161.672334062
450,['ageph' 'lat' 'long' 'usec' 'sexp' 'split' 'fleetc' 'coverp' 'powerc'],311247.81819423253
451,['ageph' 'lat' 'long' 'usec' 'sexp' 'split' 'sportc' 'coverp' 'powerc'],311071.0225482571
452,['ageph' 'lat' 'long' 'usec' 'sexp' 'fleetc' 'sportc' 'coverp' 'powerc'],311177.84883982077
453,['ageph' 'lat' 'long' 'usec' 'fuelc' 'split' 'fleetc' 'sportc' 'coverp'],311135.90139176126
454,['ageph' 'lat' 'long' 'usec' 'fuelc' 'split' 'fleetc' 'sportc' 'powerc'],311250.45868053514
455,['ageph' 'lat' 'long' 'usec' 'fuelc' 'split' 'fleetc' 'coverp' 'powerc'],311289.9036142091
456,['ageph' 'lat' 'long' 'usec' 'fuelc' 'split' 'sportc' 'coverp' 'powerc'],311131.4729673071
457,['ageph' 'lat' 'long' 'usec' 'fuelc' 'fleetc' 'sportc' 'coverp' 'powerc'],311241.350089077
458,['ageph' 'lat' 'long' 'usec' 'split' 'fleetc' 'sportc' 'coverp' 'powerc'],311118.3572565602
459,['ageph' 'lat' 'long' 'sexp' 'fuelc' 'split' 'fleetc' 'sportc' 'coverp'],311107.22412299505
460,['ageph' 'lat' 'long' 'sexp' 'fuelc' 'split' 'fleetc' 'sportc' 'powerc'],311201.0055298259
461,['ageph' 'lat' 'long' 'sexp' 'fuelc' 'split' 'fleetc' 'coverp' 'powerc'],311281.27902359335
462,['ageph' 'lat' 'long' 'sexp' 'fuelc' 'split' 'sportc' 'coverp' 'powerc'],311115.8596076528
463,['ageph' 'lat' 'long' 'sexp' 'fuelc' 'fleetc' 'sportc' 'coverp' 'powerc'],311223.2638153649
464,['ageph' 'lat' 'long' 'sexp' 'split' 'fleetc' 'sportc' 'coverp' 'powerc'],311094.0182390134
465,['ageph' 'lat' 'long' 'fuelc' 'split' 'fleetc' 'sportc' 'coverp' 'powerc'],311158.5550166562
466,"['ageph' 'lat' 'long' 'agecar' 'usec' 'sexp' 'fuelc' 'split' 'fleetc'
 'sportc']",311187.250785758
467,"['ageph' 'lat' 'long' 'agecar' 'usec' 'sexp' 'fuelc' 'split' 'fleetc'
 'coverp']",311242.7022505057
468,"['ageph' 'lat' 'long' 'agecar' 'usec' 'sexp' 'fuelc' 'split' 'fleetc'
 'powerc']",311221.11008364405
469,"['ageph' 'lat' 'long' 'agecar' 'usec' 'sexp' 'fuelc' 'split' 'sportc'
 'coverp']",311053.8954038817
470,"['ageph' 'lat' 'long' 'agecar' 'usec' 'sexp' 'fuelc' 'split' 'sportc'
 'powerc']",311142.7657409032
471,"['ageph' 'lat' 'long' 'agecar' 'usec' 'sexp' 'fuelc' 'split' 'coverp'
 'powerc']",311214.15426375397
472,"['ageph' 'lat' 'long' 'agecar' 'usec' 'sexp' 'fuelc' 'fleetc' 'sportc'
 'coverp']",311174.5319304856
473,"['ageph' 'lat' 'long' 'agecar' 'usec' 'sexp' 'fuelc' 'fleetc' 'sportc'
 'powerc']",311269.6886887475
474,"['ageph' 'lat' 'long' 'agecar' 'usec' 'sexp' 'fuelc' 'fleetc' 'coverp'
 'powerc']",311321.6809335366
475,"['ageph' 'lat' 'long' 'agecar' 'usec' 'sexp' 'fuelc' 'sportc' 'coverp'
 'powerc']",311175.8813227598
476,"['ageph' 'lat' 'long' 'agecar' 'usec' 'sexp' 'split' 'fleetc' 'sportc'
 'coverp']",311041.3706793796
477,"['ageph' 'lat' 'long' 'agecar' 'usec' 'sexp' 'split' 'fleetc' 'sportc'
 'powerc']",311122.25719500857
478,"['ageph' 'lat' 'long' 'agecar' 'usec' 'sexp' 'split' 'fleetc' 'coverp'
 'powerc']",311201.8579727852
479,"['ageph' 'lat' 'long' 'agecar' 'usec' 'sexp' 'split' 'sportc' 'coverp'
 'powerc']",311042.17784807837
480,"['ageph' 'lat' 'long' 'agecar' 'usec' 'sexp' 'fleetc' 'sportc' 'coverp'
 'powerc']",311157.91231936985
481,"['ageph' 'lat' 'long' 'agecar' 'usec' 'fuelc' 'split' 'fleetc' 'sportc'
 'coverp']",311103.4535658956
482,"['ageph' 'lat' 'long' 'agecar' 'usec' 'fuelc' 'split' 'fleetc' 'sportc'
 'powerc']",311199.1483022536
483,"['ageph' 'lat' 'long' 'agecar' 'usec' 'fuelc' 'split' 'fleetc' 'coverp'
 'powerc']",311243.44627738756
484,"['ageph' 'lat' 'long' 'agecar' 'usec' 'fuelc' 'split' 'sportc' 'coverp'
 'powerc']",311100.54693111876
485,"['ageph' 'lat' 'long' 'agecar' 'usec' 'fuelc' 'fleetc' 'sportc' 'coverp'
 'powerc']",311219.4379009539
486,"['ageph' 'lat' 'long' 'agecar' 'usec' 'split' 'fleetc' 'sportc' 'coverp'
 'powerc']",311086.076229044
487,"['ageph' 'lat' 'long' 'agecar' 'sexp' 'fuelc' 'split' 'fleetc' 'sportc'
 'coverp']",311077.22136586445
488,"['ageph' 'lat' 'long' 'agecar' 'sexp' 'fuelc' 'split' 'fleetc' 'sportc'
 'powerc']",311160.7967171459
489,"['ageph' 'lat' 'long' 'agecar' 'sexp' 'fuelc' 'split' 'fleetc' 'coverp'
 'powerc']",311234.6265201577
490,"['ageph' 'lat' 'long' 'agecar' 'sexp' 'fuelc' 'split' 'sportc' 'coverp'
 'powerc']",311085.782701933
491,"['ageph' 'lat' 'long' 'agecar' 'sexp' 'fuelc' 'fleetc' 'sportc' 'coverp'
 'powerc']",311205.02668772434
492,"['ageph' 'lat' 'long' 'agecar' 'sexp' 'split' 'fleetc' 'sportc' 'coverp'
 'powerc']",311063.75969775417
493,"['ageph' 'lat' 'long' 'agecar' 'fuelc' 'split' 'fleetc' 'sportc' 'coverp'
 'powerc']",311126.47545507964
494,"['ageph' 'lat' 'long' 'usec' 'sexp' 'fuelc' 'split' 'fleetc' 'sportc'
 'coverp']",311091.5086869862
495,"['ageph' 'lat' 'long' 'usec' 'sexp' 'fuelc' 'split' 'fleetc' 'sportc'
 'powerc']",311195.6717399001
496,"['ageph' 'lat' 'long' 'usec' 'sexp' 'fuelc' 'split' 'fleetc' 'coverp'
 'powerc']",311269.70912339585
497,"['ageph' 'lat' 'long' 'usec' 'sexp' 'fuelc' 'split' 'sportc' 'coverp'
 'powerc']",311093.39355820033
498,"['ageph' 'lat' 'long' 'usec' 'sexp' 'fuelc' 'fleetc' 'sportc' 'coverp'
 'powerc']",311201.6182338698
499,"['ageph' 'lat' 'long' 'usec' 'sexp' 'split' 'fleetc' 'sportc' 'coverp'
 'powerc']",311080.3836948438
500,"['ageph' 'lat' 'long' 'usec' 'fuelc' 'split' 'fleetc' 'sportc' 'coverp'
 'powerc']",311142.2502841603
501,"['ageph' 'lat' 'long' 'sexp' 'fuelc' 'split' 'fleetc' 'sportc' 'coverp'
 'powerc']",311117.5446106206
502,"['ageph' 'lat' 'long' 'agecar' 'usec' 'sexp' 'fuelc' 'split' 'fleetc'
 'sportc' 'coverp']",311063.59051057877
503,"['ageph' 'lat' 'long' 'agecar' 'usec' 'sexp' 'fuelc' 'split' 'fleetc'
 'sportc' 'powerc']",311153.0091197444
504,"['ageph' 'lat' 'long' 'agecar' 'usec' 'sexp' 'fuelc' 'split' 'fleetc'
 'coverp' 'powerc']",311224.8036987138
505,"['ageph' 'lat' 'long' 'agecar' 'usec' 'sexp' 'fuelc' 'split' 'sportc'
 'coverp' 'powerc']",311066.10172846913
506,"['ageph' 'lat' 'long' 'agecar' 'usec' 'sexp' 'fuelc' 'fleetc' 'sportc'
 'coverp' 'powerc']",311183.6763929654
507,"['ageph' 'lat' 'long' 'agecar' 'usec' 'sexp' 'split' 'fleetc' 'sportc'
 'coverp' 'powerc']",311052.4590233098
508,"['ageph' 'lat' 'long' 'agecar' 'usec' 'fuelc' 'split' 'fleetc' 'sportc'
 'coverp' 'powerc']",311111.79589127615
509,"['ageph' 'lat' 'long' 'agecar' 'sexp' 'fuelc' 'split' 'fleetc' 'sportc'
 'coverp' 'powerc']",311089.46077791293
510,"['ageph' 'lat' 'long' 'usec' 'sexp' 'fuelc' 'split' 'fleetc' 'sportc'
 'coverp' 'powerc']",311103.19247582235
511,"['ageph' 'lat' 'long' 'agecar' 'usec' 'sexp' 'fuelc' 'split' 'fleetc'
 'sportc' 'coverp' 'powerc']",311076.71511238517
512,['ageph'],311800.1503426141
513,['ageph' 'agecar'],311701.4177421384
514,['ageph' 'usec'],311783.24927063374
515,['ageph' 'sexp'],311727.67814247886
516,['ageph' 'fuelc'],311834.21947229153
517,['ageph' 'split'],311571.00047782634
518,['ageph' 'fleetc'],311804.1075172128
519,['ageph' 'sportc'],311717.8214969001
520,['ageph' 'coverp'],311620.30214947346
521,['ageph' 'powerc'],311607.9307248314
522,['ageph' 'agecar' 'usec'],311683.12799012795
523,['ageph' 'agecar' 'sexp'],311645.9544163652
524,['ageph' 'agecar' 'fuelc'],311736.2550049553
525,['ageph' 'agecar' 'split'],311448.3265473886
526,['ageph' 'agecar' 'fleetc'],311704.9974736049
527,['ageph' 'agecar' 'sportc'],311614.72478072
528,['ageph' 'agecar' 'coverp'],311523.71273060626
529,['ageph' 'agecar' 'powerc'],311524.4141892924
530,['ageph' 'usec' 'sexp'],311715.492206774
531,['ageph' 'usec' 'fuelc'],311817.44795148587
532,['ageph' 'usec' 'split'],311563.86570138024
533,['ageph' 'usec' 'fleetc'],311794.13231116085
534,['ageph' 'usec' 'sportc'],311700.3819723245
535,['ageph' 'usec' 'coverp'],311585.7757202207
536,['ageph' 'usec' 'powerc'],311600.1610963926
537,['ageph' 'sexp' 'fuelc'],311764.3790683643
538,['ageph' 'sexp' 'split'],311506.1432979988
539,['ageph' 'sexp' 'fleetc'],311731.6700505535
540,['ageph' 'sexp' 'sportc'],311628.4341109441
541,['ageph' 'sexp' 'coverp'],311586.7394440909
542,['ageph' 'sexp' 'powerc'],311556.55749028665
543,['ageph' 'fuelc' 'split'],311606.3145346206
544,['ageph' 'fuelc' 'fleetc'],311839.4199880739
545,['ageph' 'fuelc' 'sportc'],311747.6619553548
546,['ageph' 'fuelc' 'coverp'],311647.44977877307
547,['ageph' 'fuelc' 'powerc'],311631.2510355995
548,['ageph' 'split' 'fleetc'],311578.68851241807
549,['ageph' 'split' 'sportc'],311471.42284923483
550,['ageph' 'split' 'coverp'],311450.2343239991
551,['ageph' 'split' 'powerc'],311412.8796695443
552,['ageph' 'fleetc' 'sportc'],311722.90596263966
553,['ageph' 'fleetc' 'coverp'],311615.8019647205
554,['ageph' 'fleetc' 'powerc'],311617.5065565452
555,['ageph' 'sportc' 'coverp'],311425.1234735095
556,['ageph' 'sportc' 'powerc'],311575.359797425
557,['ageph' 'coverp' 'powerc'],311539.19233804726
558,['ageph' 'agecar' 'usec' 'sexp'],311632.4704786238
559,['ageph' 'agecar' 'usec' 'fuelc'],311716.5783064679
560,['ageph' 'agecar' 'usec' 'split'],311442.2342199255
561,['ageph' 'agecar' 'usec' 'fleetc'],311693.65412474325
562,['ageph' 'agecar' 'usec' 'sportc'],311595.69780195586
563,['ageph' 'agecar' 'usec' 'coverp'],311492.95893435826
564,['ageph' 'agecar' 'usec' 'powerc'],311514.180693666
565,['ageph' 'agecar' 'sexp' 'fuelc'],311680.8409994164
566,['ageph' 'agecar' 'sexp' 'split'],311399.4649913073
567,['ageph' 'agecar' 'sexp' 'fleetc'],311649.7834190575
568,['ageph' 'agecar' 'sexp' 'sportc'],311544.0995252966
569,['ageph' 'agecar' 'sexp' 'coverp'],311494.0046452596
570,['ageph' 'agecar' 'sexp' 'powerc'],311485.9203897689
571,['ageph' 'agecar' 'fuelc' 'split'],311482.91465640976
572,['ageph' 'agecar' 'fuelc' 'fleetc'],311740.6821600276
573,['ageph' 'agecar' 'fuelc' 'sportc'],311648.52321328805
574,['ageph' 'agecar' 'fuelc' 'coverp'],311552.08701201004
575,['ageph' 'agecar' 'fuelc' 'powerc'],311555.8842495038
576,['ageph' 'agecar' 'split' 'fleetc'],311455.6220261712
577,['ageph' 'agecar' 'split' 'sportc'],311346.23750772706
578,['ageph' 'agecar' 'split' 'coverp'],311345.17689678114
579,['ageph' 'agecar' 'split' 'powerc'],311307.0962932967
580,['ageph' 'agecar' 'fleetc' 'sportc'],311619.1417734593
581,['ageph' 'agecar' 'fleetc' 'coverp'],311522.21811857296
582,['ageph' 'agecar' 'fleetc' 'powerc'],311532.7415761189
583,['ageph' 'agecar' 'sportc' 'coverp'],311349.0396384353
584,['ageph' 'agecar' 'sportc' 'powerc'],311485.0899082255
585,['ageph' 'agecar' 'coverp' 'powerc'],311452.2062272471
586,['ageph' 'usec' 'sexp' 'fuelc'],311751.32343638653
587,['ageph' 'usec' 'sexp' 'split'],311502.7190953007
588,['ageph' 'usec' 'sexp' 'fleetc'],311726.09637849877
589,['ageph' 'usec' 'sexp' 'sportc'],311616.11873980914
590,['ageph' 'usec' 'sexp' 'coverp'],311556.4251040352
591,['ageph' 'usec' 'sexp' 'powerc'],311551.57614896714
592,['ageph' 'usec' 'fuelc' 'split'],311598.62358844106
593,['ageph' 'usec' 'fuelc' 'fleetc'],311828.51673950447
594,['ageph' 'usec' 'fuelc' 'sportc'],311731.21231910074
595,['ageph' 'usec' 'fuelc' 'coverp'],311614.1685566265
596,['ageph' 'usec' 'fuelc' 'powerc'],311625.1132329217
597,['ageph' 'usec' 'split' 'fleetc'],311575.89624734217
598,['ageph' 'usec' 'split' 'sportc'],311462.9413578167
599,['ageph' 'usec' 'split' 'coverp'],311431.0809395336
600,['ageph' 'usec' 'split' 'powerc'],311412.4246070452
601,['ageph' 'usec' 'fleetc' 'sportc'],311711.8715394965
602,['ageph' 'usec' 'fleetc' 'coverp'],311593.98976094835
603,['ageph' 'usec' 'fleetc' 'powerc'],311612.7589752373
604,['ageph' 'usec' 'sportc' 'coverp'],311388.7855101137
605,['ageph' 'usec' 'sportc' 'powerc'],311565.9432394748
606,['ageph' 'usec' 'coverp' 'powerc'],311512.62252385536
607,['ageph' 'sexp' 'fuelc' 'split'],311542.421804382
608,['ageph' 'sexp' 'fuelc' 'fleetc'],311769.400296546
609,['ageph' 'sexp' 'fuelc' 'sportc'],311662.67675882304
610,['ageph' 'sexp' 'fuelc' 'coverp'],311614.3276353728
611,['ageph' 'sexp' 'fuelc' 'powerc'],311586.429394192
612,['ageph' 'sexp' 'split' 'fleetc'],311513.6720327077
613,['ageph' 'sexp' 'split' 'sportc'],311388.69737363176
614,['ageph' 'sexp' 'split' 'coverp'],311422.9456864449
615,['ageph' 'sexp' 'split' 'powerc'],311366.176983288
616,['ageph' 'sexp' 'fleetc' 'sportc'],311633.5592337485
617,['ageph' 'sexp' 'fleetc' 'coverp'],311582.4324707745
618,['ageph' 'sexp' 'fleetc' 'powerc'],311565.7856964908
619,['ageph' 'sexp' 'sportc' 'coverp'],311369.17268948763
620,['ageph' 'sexp' 'sportc' 'powerc'],311510.9400342088
621,['ageph' 'sexp' 'coverp' 'powerc'],311515.2036622546
622,['ageph' 'fuelc' 'split' 'fleetc'],311614.838362835
623,['ageph' 'fuelc' 'split' 'sportc'],311503.44001384906
624,['ageph' 'fuelc' 'split' 'coverp'],311478.3693894784
625,['ageph' 'fuelc' 'split' 'powerc'],311441.0448689882
626,['ageph' 'fuelc' 'fleetc' 'sportc'],311754.1483648718
627,['ageph' 'fuelc' 'fleetc' 'coverp'],311644.55375368195
628,['ageph' 'fuelc' 'fleetc' 'powerc'],311642.0861363797
629,['ageph' 'fuelc' 'sportc' 'coverp'],311446.3183388332
630,['ageph' 'fuelc' 'sportc' 'powerc'],311594.8023673304
631,['ageph' 'fuelc' 'coverp' 'powerc'],311561.39809138974
632,['ageph' 'split' 'fleetc' 'sportc'],311479.8634726641
633,['ageph' 'split' 'fleetc' 'coverp'],311455.77003851114
634,['ageph' 'split' 'fleetc' 'powerc'],311424.4333775764
635,['ageph' 'split' 'sportc' 'coverp'],311231.65267715085
636,['ageph' 'split' 'sportc' 'powerc'],311365.2599316545
637,['ageph' 'split' 'coverp' 'powerc'],311389.7822915161
638,['ageph' 'fleetc' 'sportc' 'coverp'],311422.70453329146
639,['ageph' 'fleetc' 'sportc' 'powerc'],311584.9568003559
640,['ageph' 'fleetc' 'coverp' 'powerc'],311541.1661960986
641,['ageph' 'sportc' 'coverp' 'powerc'],311398.3417314885
642,['ageph' 'agecar' 'usec' 'sexp' 'fuelc'],311665.12964003393
643,['ageph' 'agecar' 'usec' 'sexp' 'split'],311397.06923927483
644,['ageph' 'agecar' 'usec' 'sexp' 'fleetc'],311642.86290540977
645,['ageph' 'agecar' 'usec' 'sexp' 'sportc'],311530.3820596162
646,['ageph' 'agecar' 'usec' 'sexp' 'coverp'],311467.3689041245
647,['ageph' 'agecar' 'usec' 'sexp' 'powerc'],311478.73309387494
648,['ageph' 'agecar' 'usec' 'fuelc' 'split'],311474.74492674373
649,['ageph' 'agecar' 'usec' 'fuelc' 'fleetc'],311727.20731144276
650,['ageph' 'agecar' 'usec' 'fuelc' 'sportc'],311629.0169730502
651,['ageph' 'agecar' 'usec' 'fuelc' 'coverp'],311521.72546979046
652,['ageph' 'agecar' 'usec' 'fuelc' 'powerc'],311546.0453692408
653,['ageph' 'agecar' 'usec' 'split' 'fleetc'],311453.5043802228
654,['ageph' 'agecar' 'usec' 'split' 'sportc'],311338.4486628185
655,['ageph' 'agecar' 'usec' 'split' 'coverp'],311330.9969524821
656,['ageph' 'agecar' 'usec' 'split' 'powerc'],311306.49068261427
657,['ageph' 'agecar' 'usec' 'fleetc' 'sportc'],311606.6341570191
658,['ageph' 'agecar' 'usec' 'fleetc' 'coverp'],311502.3804978453
659,['ageph' 'agecar' 'usec' 'fleetc' 'powerc'],311525.8093751396
660,['ageph' 'agecar' 'usec' 'sportc' 'coverp'],311315.9208064762
661,['ageph' 'agecar' 'usec' 'sportc' 'powerc'],311472.6742198254
662,['ageph' 'agecar' 'usec' 'coverp' 'powerc'],311428.1909323479
663,['ageph' 'agecar' 'sexp' 'fuelc' 'split'],311432.5286826486
664,['ageph' 'agecar' 'sexp' 'fuelc' 'fleetc'],311685.29121717566
665,['ageph' 'agecar' 'sexp' 'fuelc' 'sportc'],311579.50433814677
666,['ageph' 'agecar' 'sexp' 'fuelc' 'coverp'],311522.4535742477
667,['ageph' 'agecar' 'sexp' 'fuelc' 'powerc'],311521.00679301954
668,['ageph' 'agecar' 'sexp' 'split' 'fleetc'],311406.8019044973
669,['ageph' 'agecar' 'sexp' 'split' 'sportc'],311281.5500895838
670,['ageph' 'agecar' 'sexp' 'split' 'coverp'],311321.14224887895
671,['ageph' 'agecar' 'sexp' 'split' 'powerc'],311272.47282022925
672,['ageph' 'agecar' 'sexp' 'fleetc' 'sportc'],311548.76591950544
673,['ageph' 'agecar' 'sexp' 'fleetc' 'coverp'],311492.7916293828
674,['ageph' 'agecar' 'sexp' 'fleetc' 'powerc'],311494.0928989142
675,['ageph' 'agecar' 'sexp' 'sportc' 'coverp'],311300.1812434819
676,['ageph' 'agecar' 'sexp' 'sportc' 'powerc'],311434.4392811044
677,['ageph' 'agecar' 'sexp' 'coverp' 'powerc'],311430.93047903886
678,['ageph' 'agecar' 'fuelc' 'split' 'fleetc'],311490.6887101471
679,['ageph' 'agecar' 'fuelc' 'split' 'sportc'],311381.08267841826
680,['ageph' 'agecar' 'fuelc' 'split' 'coverp'],311374.0246014779
681,['ageph' 'agecar' 'fuelc' 'split' 'powerc'],311341.9442631404
682,['ageph' 'agecar' 'fuelc' 'fleetc' 'sportc'],311653.9622871381
683,['ageph' 'agecar' 'fuelc' 'fleetc' 'coverp'],311551.9120949577
684,['ageph' 'agecar' 'fuelc' 'fleetc' 'powerc'],311565.2699639488
685,['ageph' 'agecar' 'fuelc' 'sportc' 'coverp'],311373.5973124769
686,['ageph' 'agecar' 'fuelc' 'sportc' 'powerc'],311514.38252795016
687,['ageph' 'agecar' 'fuelc' 'coverp' 'powerc'],311478.5651136763
688,['ageph' 'agecar' 'split' 'fleetc' 'sportc'],311353.9671476001
689,['ageph' 'agecar' 'split' 'fleetc' 'coverp'],311351.9990971038
690,['ageph' 'agecar' 'split' 'fleetc' 'powerc'],311317.44869237934
691,['ageph' 'agecar' 'split' 'sportc' 'coverp'],311153.2680176904
692,['ageph' 'agecar' 'split' 'sportc' 'powerc'],311253.3395556295
693,['ageph' 'agecar' 'split' 'coverp' 'powerc'],311293.91049019905
694,['ageph' 'agecar' 'fleetc' 'sportc' 'coverp'],311348.70913520426
695,['ageph' 'agecar' 'fleetc' 'sportc' 'powerc'],311493.27830147283
696,['ageph' 'agecar' 'fleetc' 'coverp' 'powerc'],311455.96819354873
697,['ageph' 'agecar' 'sportc' 'coverp' 'powerc'],311326.11297398317
698,['ageph' 'usec' 'sexp' 'fuelc' 'split'],311537.71138064866
699,['ageph' 'usec' 'sexp' 'fuelc' 'fleetc'],311762.1363665116
700,['ageph' 'usec' 'sexp' 'fuelc' 'sportc'],311650.24512079806
701,['ageph' 'usec' 'sexp' 'fuelc' 'coverp'],311584.3010098465
702,['ageph' 'usec' 'sexp' 'fuelc' 'powerc'],311581.992728873
703,['ageph' 'usec' 'sexp' 'split' 'fleetc'],311514.4811630447
704,['ageph' 'usec' 'sexp' 'split' 'sportc'],311384.29282074026
705,['ageph' 'usec' 'sexp' 'split' 'coverp'],311406.9430833189
706,['ageph' 'usec' 'sexp' 'split' 'powerc'],311367.9384266136
707,['ageph' 'usec' 'sexp' 'fleetc' 'sportc'],311627.35990342416
708,['ageph' 'usec' 'sexp' 'fleetc' 'coverp'],311564.20771847037
709,['ageph' 'usec' 'sexp' 'fleetc' 'powerc'],311563.9912572879
710,['ageph' 'usec' 'sexp' 'sportc' 'coverp'],311337.7510606198
711,['ageph' 'usec' 'sexp' 'sportc' 'powerc'],311504.39750525943
712,['ageph' 'usec' 'sexp' 'coverp' 'powerc'],311491.54238915985
713,['ageph' 'usec' 'fuelc' 'split' 'fleetc'],311610.7473766224
714,['ageph' 'usec' 'fuelc' 'split' 'sportc'],311495.18261780555
715,['ageph' 'usec' 'fuelc' 'split' 'coverp'],311459.5035975133
716,['ageph' 'usec' 'fuelc' 'split' 'powerc'],311441.16270211176
717,['ageph' 'usec' 'fuelc' 'fleetc' 'sportc'],311742.8796764251
718,['ageph' 'usec' 'fuelc' 'fleetc' 'coverp'],311622.7769758542
719,['ageph' 'usec' 'fuelc' 'fleetc' 'powerc'],311637.7533947612
720,['ageph' 'usec' 'fuelc' 'sportc' 'coverp'],311412.8878759988
721,['ageph' 'usec' 'fuelc' 'sportc' 'powerc'],311587.486191251
722,['ageph' 'usec' 'fuelc' 'coverp' 'powerc'],311537.8191669019
723,['ageph' 'usec' 'split' 'fleetc' 'sportc'],311475.4480657744
724,['ageph' 'usec' 'split' 'fleetc' 'coverp'],311444.060209103
725,['ageph' 'usec' 'split' 'fleetc' 'powerc'],311425.51077052247
726,['ageph' 'usec' 'split' 'sportc' 'coverp'],311209.8452766047
727,['ageph' 'usec' 'split' 'sportc' 'powerc'],311362.7085077421
728,['ageph' 'usec' 'split' 'coverp' 'powerc'],311375.99363458436
729,['ageph' 'usec' 'fleetc' 'sportc' 'coverp'],311398.5815491141
730,['ageph' 'usec' 'fleetc' 'sportc' 'powerc'],311578.66738305736
731,['ageph' 'usec' 'fleetc' 'coverp' 'powerc'],311523.7112058479
732,['ageph' 'usec' 'sportc' 'coverp' 'powerc'],311367.0292971083
733,['ageph' 'sexp' 'fuelc' 'split' 'fleetc'],311550.64891508035
734,['ageph' 'sexp' 'fuelc' 'split' 'sportc'],311423.54384748905
735,['ageph' 'sexp' 'fuelc' 'split' 'coverp'],311450.3939794013
736,['ageph' 'sexp' 'fuelc' 'split' 'powerc'],311398.88821995107
737,['ageph' 'sexp' 'fuelc' 'fleetc' 'sportc'],311668.9998244464
738,['ageph' 'sexp' 'fuelc' 'fleetc' 'coverp'],311611.30001999217
739,['ageph' 'sexp' 'fuelc' 'fleetc' 'powerc'],311596.8930701725
740,['ageph' 'sexp' 'fuelc' 'sportc' 'coverp'],311393.45161062916
741,['ageph' 'sexp' 'fuelc' 'sportc' 'powerc'],311538.11845668557
742,['ageph' 'sexp' 'fuelc' 'coverp' 'powerc'],311539.9493149936
743,['ageph' 'sexp' 'split' 'fleetc' 'sportc'],311396.95562829607
744,['ageph' 'sexp' 'split' 'fleetc' 'coverp'],311428.2869940665
745,['ageph' 'sexp' 'split' 'fleetc' 'powerc'],311377.3719415412
746,['ageph' 'sexp' 'split' 'sportc' 'coverp'],311181.88129551645
747,['ageph' 'sexp' 'split' 'sportc' 'powerc'],311303.73937875987
748,['ageph' 'sexp' 'split' 'coverp' 'powerc'],311370.3054973096
749,['ageph' 'sexp' 'fleetc' 'sportc' 'coverp'],311366.89962869784
750,['ageph' 'sexp' 'fleetc' 'sportc' 'powerc'],311520.1425936395
751,['ageph' 'sexp' 'fleetc' 'coverp' 'powerc'],311516.78938503796
752,['ageph' 'sexp' 'sportc' 'coverp' 'powerc'],311352.3728251136
753,['ageph' 'fuelc' 'split' 'fleetc' 'sportc'],311512.8458179256
754,['ageph' 'fuelc' 'split' 'fleetc' 'coverp'],311484.8695903321
755,['ageph' 'fuelc' 'split' 'fleetc' 'powerc'],311453.380070423
756,['ageph' 'fuelc' 'split' 'sportc' 'coverp'],311255.4524006991
757,['ageph' 'fuelc' 'split' 'sportc' 'powerc'],311389.9727004006
758,['ageph' 'fuelc' 'split' 'coverp' 'powerc'],311415.2566530734
759,['ageph' 'fuelc' 'fleetc' 'sportc' 'coverp'],311445.96576402435
760,['ageph' 'fuelc' 'fleetc' 'sportc' 'powerc'],311605.7340827868
761,['ageph' 'fuelc' 'fleetc' 'coverp' 'powerc'],311565.67979852355
762,['ageph' 'fuelc' 'sportc' 'coverp' 'powerc'],311414.9632216994
763,['ageph' 'split' 'fleetc' 'sportc' 'coverp'],311238.7685059254
764,['ageph' 'split' 'fleetc' 'sportc' 'powerc'],311376.81988923496
765,['ageph' 'split' 'fleetc' 'coverp' 'powerc'],311399.4478149283
766,['ageph' 'split' 'sportc' 'coverp' 'powerc'],311222.3008647989
767,['ageph' 'fleetc' 'sportc' 'coverp' 'powerc'],311399.9472470435
768,['ageph' 'agecar' 'usec' 'sexp' 'fuelc' 'split'],311427.48253811774
769,['ageph' 'agecar' 'usec' 'sexp' 'fuelc' 'fleetc'],311675.6224973055
770,['ageph' 'agecar' 'usec' 'sexp' 'fuelc' 'sportc'],311564.3418893553
771,['ageph' 'agecar' 'usec' 'sexp' 'fuelc' 'coverp'],311495.31811385026
772,['ageph' 'agecar' 'usec' 'sexp' 'fuelc' 'powerc'],311513.14585980895
773,['ageph' 'agecar' 'usec' 'sexp' 'split' 'fleetc'],311408.2229378365
774,['ageph' 'agecar' 'usec' 'sexp' 'split' 'sportc'],311277.8989498121
775,['ageph' 'agecar' 'usec' 'sexp' 'split' 'coverp'],311309.93441210844
776,['ageph' 'agecar' 'usec' 'sexp' 'split' 'powerc'],311274.25755100936
777,['ageph' 'agecar' 'usec' 'sexp' 'fleetc' 'sportc'],311541.19542826666
778,['ageph' 'agecar' 'usec' 'sexp' 'fleetc' 'coverp'],311476.5351511233
779,['ageph' 'agecar' 'usec' 'sexp' 'fleetc' 'powerc'],311490.2739390841
780,['ageph' 'agecar' 'usec' 'sexp' 'sportc' 'coverp'],311271.89607893315
781,['ageph' 'agecar' 'usec' 'sexp' 'sportc' 'powerc'],311425.24057528155
782,['ageph' 'agecar' 'usec' 'sexp' 'coverp' 'powerc'],311409.8530072742
783,['ageph' 'agecar' 'usec' 'fuelc' 'split' 'fleetc'],311486.045334761
784,['ageph' 'agecar' 'usec' 'fuelc' 'split' 'sportc'],311372.01516169944
785,['ageph' 'agecar' 'usec' 'fuelc' 'split' 'coverp'],311359.341758188
786,['ageph' 'agecar' 'usec' 'fuelc' 'split' 'powerc'],311340.5427824294
787,['ageph' 'agecar' 'usec' 'fuelc' 'fleetc' 'sportc'],311640.04776377825
788,['ageph' 'agecar' 'usec' 'fuelc' 'fleetc' 'coverp'],311531.4226628233
789,['ageph' 'agecar' 'usec' 'fuelc' 'fleetc' 'powerc'],311557.6772934617
790,['ageph' 'agecar' 'usec' 'fuelc' 'sportc' 'coverp'],311342.4624544942
791,['ageph' 'agecar' 'usec' 'fuelc' 'sportc' 'powerc'],311502.87143937295
792,['ageph' 'agecar' 'usec' 'fuelc' 'coverp' 'powerc'],311456.5566257427
793,['ageph' 'agecar' 'usec' 'split' 'fleetc' 'sportc'],311350.0148567624
794,['ageph' 'agecar' 'usec' 'split' 'fleetc' 'coverp'],311343.6445549123
795,['ageph' 'agecar' 'usec' 'split' 'fleetc' 'powerc'],311318.270162757
796,['ageph' 'agecar' 'usec' 'split' 'sportc' 'coverp'],311135.981473411
797,['ageph' 'agecar' 'usec' 'split' 'sportc' 'powerc'],311250.0246176563
798,['ageph' 'agecar' 'usec' 'split' 'coverp' 'powerc'],311284.0016783183
799,['ageph' 'agecar' 'usec' 'fleetc' 'sportc' 'coverp'],311326.32354395086
800,['ageph' 'agecar' 'usec' 'fleetc' 'sportc' 'powerc'],311484.4059171474
801,['ageph' 'agecar' 'usec' 'fleetc' 'coverp' 'powerc'],311439.67512829194
802,['ageph' 'agecar' 'usec' 'sportc' 'coverp' 'powerc'],311297.035004468
803,['ageph' 'agecar' 'sexp' 'fuelc' 'split' 'fleetc'],311440.190183018
804,['ageph' 'agecar' 'sexp' 'fuelc' 'split' 'sportc'],311316.4322138366
805,['ageph' 'agecar' 'sexp' 'fuelc' 'split' 'coverp'],311349.00074582873
806,['ageph' 'agecar' 'sexp' 'fuelc' 'split' 'powerc'],311308.9906717706
807,['ageph' 'agecar' 'sexp' 'fuelc' 'fleetc' 'sportc'],311584.9697392299
808,['ageph' 'agecar' 'sexp' 'fuelc' 'fleetc' 'coverp'],311522.26724779926
809,['ageph' 'agecar' 'sexp' 'fuelc' 'fleetc' 'powerc'],311530.12988190434
810,['ageph' 'agecar' 'sexp' 'fuelc' 'sportc' 'coverp'],311327.07717396267
811,['ageph' 'agecar' 'sexp' 'fuelc' 'sportc' 'powerc'],311468.38963263587
812,['ageph' 'agecar' 'sexp' 'fuelc' 'coverp' 'powerc'],311459.3211877397
813,['ageph' 'agecar' 'sexp' 'split' 'fleetc' 'sportc'],311289.29270921345
814,['ageph' 'agecar' 'sexp' 'split' 'fleetc' 'coverp'],311327.91025115683
815,['ageph' 'agecar' 'sexp' 'split' 'fleetc' 'powerc'],311282.6388272334
816,['ageph' 'agecar' 'sexp' 'split' 'sportc' 'coverp'],311110.0908917893
817,['ageph' 'agecar' 'sexp' 'split' 'sportc' 'powerc'],311205.19457959547
818,['ageph' 'agecar' 'sexp' 'split' 'coverp' 'powerc'],311276.5871533959
819,['ageph' 'agecar' 'sexp' 'fleetc' 'sportc' 'coverp'],311300.09415771614
820,['ageph' 'agecar' 'sexp' 'fleetc' 'sportc' 'powerc'],311442.4206036551
821,['ageph' 'agecar' 'sexp' 'fleetc' 'coverp' 'powerc'],311434.5006181592
822,['ageph' 'agecar' 'sexp' 'sportc' 'coverp' 'powerc'],311286.0930625192
823,['ageph' 'agecar' 'fuelc' 'split' 'fleetc' 'sportc'],311389.433258785
824,['ageph' 'agecar' 'fuelc' 'split' 'fleetc' 'coverp'],311381.5857530446
825,['ageph' 'agecar' 'fuelc' 'split' 'fleetc' 'powerc'],311352.87762926234
826,['ageph' 'agecar' 'fuelc' 'split' 'sportc' 'coverp'],311179.87618374126
827,['ageph' 'agecar' 'fuelc' 'split' 'sportc' 'powerc'],311286.69384723494
828,['ageph' 'agecar' 'fuelc' 'split' 'coverp' 'powerc'],311322.8013030313
829,['ageph' 'agecar' 'fuelc' 'fleetc' 'sportc' 'coverp'],311374.99530710914
830,['ageph' 'agecar' 'fuelc' 'fleetc' 'sportc' 'powerc'],311523.7310235612
831,['ageph' 'agecar' 'fuelc' 'fleetc' 'coverp' 'powerc'],311484.21509590367
832,['ageph' 'agecar' 'fuelc' 'sportc' 'coverp' 'powerc'],311348.4564396524
833,['ageph' 'agecar' 'split' 'fleetc' 'sportc' 'coverp'],311160.92693323677
834,['ageph' 'agecar' 'split' 'fleetc' 'sportc' 'powerc'],311263.54285082396
835,['ageph' 'agecar' 'split' 'fleetc' 'coverp' 'powerc'],311303.92377050896
836,['ageph' 'agecar' 'split' 'sportc' 'coverp' 'powerc'],311147.17507568834
837,['ageph' 'agecar' 'fleetc' 'sportc' 'coverp' 'powerc'],311329.21666846407
838,['ageph' 'usec' 'sexp' 'fuelc' 'split' 'fleetc'],311549.6140016045
839,['ageph' 'usec' 'sexp' 'fuelc' 'split' 'sportc'],311418.5238854937
840,['ageph' 'usec' 'sexp' 'fuelc' 'split' 'coverp'],311434.01127738226
841,['ageph' 'usec' 'sexp' 'fuelc' 'split' 'powerc'],311400.39806690015
842,['ageph' 'usec' 'sexp' 'fuelc' 'fleetc' 'sportc'],311661.70314509777
843,['ageph' 'usec' 'sexp' 'fuelc' 'fleetc' 'coverp'],311592.4456279369
844,['ageph' 'usec' 'sexp' 'fuelc' 'fleetc' 'powerc'],311594.57153364224
845,['ageph' 'usec' 'sexp' 'fuelc' 'sportc' 'coverp'],311363.75408366666
846,['ageph' 'usec' 'sexp' 'fuelc' 'sportc' 'powerc'],311532.52797341545
847,['ageph' 'usec' 'sexp' 'fuelc' 'coverp' 'powerc'],311518.161140097
848,['ageph' 'usec' 'sexp' 'split' 'fleetc' 'sportc'],311396.55894290336
849,['ageph' 'usec' 'sexp' 'split' 'fleetc' 'coverp'],311419.42618007265
850,['ageph' 'usec' 'sexp' 'split' 'fleetc' 'powerc'],311380.8998942459
851,['ageph' 'usec' 'sexp' 'split' 'sportc' 'coverp'],311163.83695778885
852,['ageph' 'usec' 'sexp' 'split' 'sportc' 'powerc'],311303.4954823233
853,['ageph' 'usec' 'sexp' 'split' 'coverp' 'powerc'],311358.75219245034
854,['ageph' 'usec' 'sexp' 'fleetc' 'sportc' 'coverp'],311347.07237274037
855,['ageph' 'usec' 'sexp' 'fleetc' 'sportc' 'powerc'],311516.9447184391
856,['ageph' 'usec' 'sexp' 'fleetc' 'coverp' 'powerc'],311502.06410715246
857,['ageph' 'usec' 'sexp' 'sportc' 'coverp' 'powerc'],311324.4007207243
858,['ageph' 'usec' 'fuelc' 'split' 'fleetc' 'sportc'],311507.764915959
859,['ageph' 'usec' 'fuelc' 'split' 'fleetc' 'coverp'],311472.66836583323
860,['ageph' 'usec' 'fuelc' 'split' 'fleetc' 'powerc'],311454.18083667214
861,['ageph' 'usec' 'fuelc' 'split' 'sportc' 'coverp'],311235.3294728021
862,['ageph' 'usec' 'fuelc' 'split' 'sportc' 'powerc'],311388.4711193832
863,['ageph' 'usec' 'fuelc' 'split' 'coverp' 'powerc'],311402.985738657
864,['ageph' 'usec' 'fuelc' 'fleetc' 'sportc' 'coverp'],311423.1704327084
865,['ageph' 'usec' 'fuelc' 'fleetc' 'sportc' 'powerc'],311600.2416354269
866,['ageph' 'usec' 'fuelc' 'fleetc' 'coverp' 'powerc'],311549.54348203813
867,['ageph' 'usec' 'fuelc' 'sportc' 'coverp' 'powerc'],311387.7861794181
868,['ageph' 'usec' 'split' 'fleetc' 'sportc' 'coverp'],311224.16505082836
869,['ageph' 'usec' 'split' 'fleetc' 'sportc' 'powerc'],311375.9705689754
870,['ageph' 'usec' 'split' 'fleetc' 'coverp' 'powerc'],311390.77387601533
871,['ageph' 'usec' 'split' 'sportc' 'coverp' 'powerc'],311203.50141258544
872,['ageph' 'usec' 'fleetc' 'sportc' 'coverp' 'powerc'],311378.456225365
873,['ageph' 'sexp' 'fuelc' 'split' 'fleetc' 'sportc'],311432.6490197971
874,['ageph' 'sexp' 'fuelc' 'split' 'fleetc' 'coverp'],311456.5191586595
875,['ageph' 'sexp' 'fuelc' 'split' 'fleetc' 'powerc'],311410.9090561253
876,['ageph' 'sexp' 'fuelc' 'split' 'sportc' 'coverp'],311207.5686811085
877,['ageph' 'sexp' 'fuelc' 'split' 'sportc' 'powerc'],311334.3200619033
878,['ageph' 'sexp' 'fuelc' 'split' 'coverp' 'powerc'],311396.88310833357
879,['ageph' 'sexp' 'fuelc' 'fleetc' 'sportc' 'coverp'],311392.91877350374
880,['ageph' 'sexp' 'fuelc' 'fleetc' 'sportc' 'powerc'],311548.6456852659
881,['ageph' 'sexp' 'fuelc' 'fleetc' 'coverp' 'powerc'],311543.58814719244
882,['ageph' 'sexp' 'fuelc' 'sportc' 'coverp' 'powerc'],311373.80557242036
883,['ageph' 'sexp' 'split' 'fleetc' 'sportc' 'coverp'],311188.71732766245
884,['ageph' 'sexp' 'split' 'fleetc' 'sportc' 'powerc'],311314.87862514274
885,['ageph' 'sexp' 'split' 'fleetc' 'coverp' 'powerc'],311379.423580485
886,['ageph' 'sexp' 'split' 'sportc' 'coverp' 'powerc'],311179.8943533673
887,['ageph' 'sexp' 'fleetc' 'sportc' 'coverp' 'powerc'],311353.4131359092
888,['ageph' 'fuelc' 'split' 'fleetc' 'sportc' 'coverp'],311263.83978973876
889,['ageph' 'fuelc' 'split' 'fleetc' 'sportc' 'powerc'],311402.403552408
890,['ageph' 'fuelc' 'split' 'fleetc' 'coverp' 'powerc'],311426.3283118892
891,['ageph' 'fuelc' 'split' 'sportc' 'coverp' 'powerc'],311243.3995762541
892,['ageph' 'fuelc' 'fleetc' 'sportc' 'coverp' 'powerc'],311419.21576148865
893,['ageph' 'split' 'fleetc' 'sportc' 'coverp' 'powerc'],311231.7848809402
894,['ageph' 'agecar' 'usec' 'sexp' 'fuelc' 'split' 'fleetc'],311438.6858138443
895,['ageph' 'agecar' 'usec' 'sexp' 'fuelc' 'split' 'sportc'],311310.8064651755
896,['ageph' 'agecar' 'usec' 'sexp' 'fuelc' 'split' 'coverp'],311336.68993442354
897,['ageph' 'agecar' 'usec' 'sexp' 'fuelc' 'split' 'powerc'],311309.19594665535
898,['ageph' 'agecar' 'usec' 'sexp' 'fuelc' 'fleetc' 'sportc'],311575.26095005975
899,['ageph' 'agecar' 'usec' 'sexp' 'fuelc' 'fleetc' 'coverp'],311504.73330654384
900,['ageph' 'agecar' 'usec' 'sexp' 'fuelc' 'fleetc' 'powerc'],311524.7596892224
901,['ageph' 'agecar' 'usec' 'sexp' 'fuelc' 'sportc' 'coverp'],311299.6548087287
902,['ageph' 'agecar' 'usec' 'sexp' 'fuelc' 'sportc' 'powerc'],311458.9233857733
903,['ageph' 'agecar' 'usec' 'sexp' 'fuelc' 'coverp' 'powerc'],311439.17049051006
904,['ageph' 'agecar' 'usec' 'sexp' 'split' 'fleetc' 'sportc'],311289.3577051752
905,['ageph' 'agecar' 'usec' 'sexp' 'split' 'fleetc' 'coverp'],311322.29876740614
906,['ageph' 'agecar' 'usec' 'sexp' 'split' 'fleetc' 'powerc'],311286.0087716057
907,['ageph' 'agecar' 'usec' 'sexp' 'split' 'sportc' 'coverp'],311096.3826040987
908,['ageph' 'agecar' 'usec' 'sexp' 'split' 'sportc' 'powerc'],311204.42819639
909,['ageph' 'agecar' 'usec' 'sexp' 'split' 'coverp' 'powerc'],311268.8587787657
910,['ageph' 'agecar' 'usec' 'sexp' 'fleetc' 'sportc' 'coverp'],311282.00630605844
911,['ageph' 'agecar' 'usec' 'sexp' 'fleetc' 'sportc' 'powerc'],311436.88105965307
912,['ageph' 'agecar' 'usec' 'sexp' 'fleetc' 'coverp' 'powerc'],311420.9954375152
913,['ageph' 'agecar' 'usec' 'sexp' 'sportc' 'coverp' 'powerc'],311260.40787554043
914,['ageph' 'agecar' 'usec' 'fuelc' 'split' 'fleetc' 'sportc'],311383.5955049324
915,['ageph' 'agecar' 'usec' 'fuelc' 'split' 'fleetc' 'coverp'],311372.09199144604
916,['ageph' 'agecar' 'usec' 'fuelc' 'split' 'fleetc' 'powerc'],311352.2383678954
917,['ageph' 'agecar' 'usec' 'fuelc' 'split' 'sportc' 'coverp'],311163.3954904595
918,['ageph' 'agecar' 'usec' 'fuelc' 'split' 'sportc' 'powerc'],311283.0626466328
919,['ageph' 'agecar' 'usec' 'fuelc' 'split' 'coverp' 'powerc'],311313.4572153427
920,['ageph' 'agecar' 'usec' 'fuelc' 'fleetc' 'sportc' 'coverp'],311353.20316508156
921,['ageph' 'agecar' 'usec' 'fuelc' 'fleetc' 'sportc' 'powerc'],311514.6045042193
922,['ageph' 'agecar' 'usec' 'fuelc' 'fleetc' 'coverp' 'powerc'],311468.4599382104
923,['ageph' 'agecar' 'usec' 'fuelc' 'sportc' 'coverp' 'powerc'],311322.47757974645
924,['ageph' 'agecar' 'usec' 'split' 'fleetc' 'sportc' 'coverp'],311149.5002836178
925,['ageph' 'agecar' 'usec' 'split' 'fleetc' 'sportc' 'powerc'],311261.9824576562
926,['ageph' 'agecar' 'usec' 'split' 'fleetc' 'coverp' 'powerc'],311297.8380046452
927,['ageph' 'agecar' 'usec' 'split' 'sportc' 'coverp' 'powerc'],311132.1035596577
928,['ageph' 'agecar' 'usec' 'fleetc' 'sportc' 'coverp' 'powerc'],311308.69443066575
929,['ageph' 'agecar' 'sexp' 'fuelc' 'split' 'fleetc' 'sportc'],311324.6518468488
930,['ageph' 'agecar' 'sexp' 'fuelc' 'split' 'fleetc' 'coverp'],311356.35045896965
931,['ageph' 'agecar' 'sexp' 'fuelc' 'split' 'fleetc' 'powerc'],311319.70009273256
932,['ageph' 'agecar' 'sexp' 'fuelc' 'split' 'sportc' 'coverp'],311137.8718897886
933,['ageph' 'agecar' 'sexp' 'fuelc' 'split' 'sportc' 'powerc'],311241.2617336239
934,['ageph' 'agecar' 'sexp' 'fuelc' 'split' 'coverp' 'powerc'],311306.1450710954
935,['ageph' 'agecar' 'sexp' 'fuelc' 'fleetc' 'sportc' 'coverp'],311328.4183688205
936,['ageph' 'agecar' 'sexp' 'fuelc' 'fleetc' 'sportc' 'powerc'],311477.42639961815
937,['ageph' 'agecar' 'sexp' 'fuelc' 'fleetc' 'coverp' 'powerc'],311464.55052673555
938,['ageph' 'agecar' 'sexp' 'fuelc' 'sportc' 'coverp' 'powerc'],311312.3571499077
939,['ageph' 'agecar' 'sexp' 'split' 'fleetc' 'sportc' 'coverp'],311117.62754565786
940,['ageph' 'agecar' 'sexp' 'split' 'fleetc' 'sportc' 'powerc'],311215.14413592964
941,['ageph' 'agecar' 'sexp' 'split' 'fleetc' 'coverp' 'powerc'],311286.2765581659
942,['ageph' 'agecar' 'sexp' 'split' 'sportc' 'coverp' 'powerc'],311110.42793363903
943,['ageph' 'agecar' 'sexp' 'fleetc' 'sportc' 'coverp' 'powerc'],311288.8627885802
944,['ageph' 'agecar' 'fuelc' 'split' 'fleetc' 'sportc' 'coverp'],311188.5388367326
945,['ageph' 'agecar' 'fuelc' 'split' 'fleetc' 'sportc' 'powerc'],311297.58446882834
946,['ageph' 'agecar' 'fuelc' 'split' 'fleetc' 'coverp' 'powerc'],311333.87009158183
947,['ageph' 'agecar' 'fuelc' 'split' 'sportc' 'coverp' 'powerc'],311173.196381302
948,['ageph' 'agecar' 'fuelc' 'fleetc' 'sportc' 'coverp' 'powerc'],311353.76922555186
949,['ageph' 'agecar' 'split' 'fleetc' 'sportc' 'coverp' 'powerc'],311156.8401925697
950,['ageph' 'usec' 'sexp' 'fuelc' 'split' 'fleetc' 'sportc'],311430.9339149049
951,['ageph' 'usec' 'sexp' 'fuelc' 'split' 'fleetc' 'coverp'],311446.7010906031
952,['ageph' 'usec' 'sexp' 'fuelc' 'split' 'fleetc' 'powerc'],311413.4433138752
953,['ageph' 'usec' 'sexp' 'fuelc' 'split' 'sportc' 'coverp'],311190.3336083399
954,['ageph' 'usec' 'sexp' 'fuelc' 'split' 'sportc' 'powerc'],311334.22163940215
955,['ageph' 'usec' 'sexp' 'fuelc' 'split' 'coverp' 'powerc'],311386.0353714886
956,['ageph' 'usec' 'sexp' 'fuelc' 'fleetc' 'sportc' 'coverp'],311373.5528119169
957,['ageph' 'usec' 'sexp' 'fuelc' 'fleetc' 'sportc' 'powerc'],311545.2417322516
958,['ageph' 'usec' 'sexp' 'fuelc' 'fleetc' 'coverp' 'powerc'],311529.3344526041
959,['ageph' 'usec' 'sexp' 'fuelc' 'sportc' 'coverp' 'powerc'],311348.6087521314
960,['ageph' 'usec' 'sexp' 'split' 'fleetc' 'sportc' 'coverp'],311177.6224736545
961,['ageph' 'usec' 'sexp' 'split' 'fleetc' 'sportc' 'powerc'],311316.6441042678
962,['ageph' 'usec' 'sexp' 'split' 'fleetc' 'coverp' 'powerc'],311372.97079563054
963,['ageph' 'usec' 'sexp' 'split' 'sportc' 'coverp' 'powerc'],311163.73443708516
964,['ageph' 'usec' 'sexp' 'fleetc' 'sportc' 'coverp' 'powerc'],311335.1455367883
965,['ageph' 'usec' 'fuelc' 'split' 'fleetc' 'sportc' 'coverp'],311249.8603247395
966,['ageph' 'usec' 'fuelc' 'split' 'fleetc' 'sportc' 'powerc'],311401.66203413793
967,['ageph' 'usec' 'fuelc' 'split' 'fleetc' 'coverp' 'powerc'],311418.0886849826
968,['ageph' 'usec' 'fuelc' 'split' 'sportc' 'coverp' 'powerc'],311227.1104496705
969,['ageph' 'usec' 'fuelc' 'fleetc' 'sportc' 'coverp' 'powerc'],311399.9235755871
970,['ageph' 'usec' 'split' 'fleetc' 'sportc' 'coverp' 'powerc'],311218.7594695192
971,['ageph' 'sexp' 'fuelc' 'split' 'fleetc' 'sportc' 'coverp'],311215.5117061635
972,['ageph' 'sexp' 'fuelc' 'split' 'fleetc' 'sportc' 'powerc'],311346.39367326826
973,['ageph' 'sexp' 'fuelc' 'split' 'fleetc' 'coverp' 'powerc'],311407.2940481278
974,['ageph' 'sexp' 'fuelc' 'split' 'sportc' 'coverp' 'powerc'],311204.25555671274
975,['ageph' 'sexp' 'fuelc' 'fleetc' 'sportc' 'coverp' 'powerc'],311377.22655882256
976,['ageph' 'sexp' 'split' 'fleetc' 'sportc' 'coverp' 'powerc'],311188.6413980605
977,['ageph' 'fuelc' 'split' 'fleetc' 'sportc' 'coverp' 'powerc'],311254.55113588495
978,['ageph' 'agecar' 'usec' 'sexp' 'fuelc' 'split' 'fleetc' 'sportc'],311322.31527195
979,['ageph' 'agecar' 'usec' 'sexp' 'fuelc' 'split' 'fleetc' 'coverp'],311349.1802711274
980,['ageph' 'agecar' 'usec' 'sexp' 'fuelc' 'split' 'fleetc' 'powerc'],311320.96097279363
981,['ageph' 'agecar' 'usec' 'sexp' 'fuelc' 'split' 'sportc' 'coverp'],311124.16307659354
982,['ageph' 'agecar' 'usec' 'sexp' 'fuelc' 'split' 'sportc' 'powerc'],311239.27586193423
983,['ageph' 'agecar' 'usec' 'sexp' 'fuelc' 'split' 'coverp' 'powerc'],311298.22154522414
984,['ageph' 'agecar' 'usec' 'sexp' 'fuelc' 'fleetc' 'sportc' 'coverp'],311310.09492471715
985,['ageph' 'agecar' 'usec' 'sexp' 'fuelc' 'fleetc' 'sportc' 'powerc'],311470.6455690933
986,['ageph' 'agecar' 'usec' 'sexp' 'fuelc' 'fleetc' 'coverp' 'powerc'],311450.75168937875
987,['ageph' 'agecar' 'usec' 'sexp' 'fuelc' 'sportc' 'coverp' 'powerc'],311288.43907537457
988,['ageph' 'agecar' 'usec' 'sexp' 'split' 'fleetc' 'sportc' 'coverp'],311109.5908237071
989,['ageph' 'agecar' 'usec' 'sexp' 'split' 'fleetc' 'sportc' 'powerc'],311216.3604722592
990,['ageph' 'agecar' 'usec' 'sexp' 'split' 'fleetc' 'coverp' 'powerc'],311282.3830589351
991,['ageph' 'agecar' 'usec' 'sexp' 'split' 'sportc' 'coverp' 'powerc'],311097.9419215555
992,['ageph' 'agecar' 'usec' 'sexp' 'fleetc' 'sportc' 'coverp' 'powerc'],311271.6403264802
993,['ageph' 'agecar' 'usec' 'fuelc' 'split' 'fleetc' 'sportc' 'coverp'],311177.0211175444
994,['ageph' 'agecar' 'usec' 'fuelc' 'split' 'fleetc' 'sportc' 'powerc'],311294.93970669375
995,['ageph' 'agecar' 'usec' 'fuelc' 'split' 'fleetc' 'coverp' 'powerc'],311327.4495775931
996,['ageph' 'agecar' 'usec' 'fuelc' 'split' 'sportc' 'coverp' 'powerc'],311159.6110606496
997,['ageph' 'agecar' 'usec' 'fuelc' 'fleetc' 'sportc' 'coverp' 'powerc'],311334.62295290653
998,['ageph' 'agecar' 'usec' 'split' 'fleetc' 'sportc' 'coverp' 'powerc'],311146.3438848328
999,['ageph' 'agecar' 'sexp' 'fuelc' 'split' 'fleetc' 'sportc' 'coverp'],311146.26315814035
1000,['ageph' 'agecar' 'sexp' 'fuelc' 'split' 'fleetc' 'sportc' 'powerc'],311251.8660029284
1001,['ageph' 'agecar' 'sexp' 'fuelc' 'split' 'fleetc' 'coverp' 'powerc'],311316.7995511178
1002,['ageph' 'agecar' 'sexp' 'fuelc' 'split' 'sportc' 'coverp' 'powerc'],311138.85980425
1003,['ageph' 'agecar' 'sexp' 'fuelc' 'fleetc' 'sportc' 'coverp' 'powerc'],311317.08952461655
1004,['ageph' 'agecar' 'sexp' 'split' 'fleetc' 'sportc' 'coverp' 'powerc'],311119.6242878937
1005,['ageph' 'agecar' 'fuelc' 'split' 'fleetc' 'sportc' 'coverp' 'powerc'],311184.1645055159
1006,['ageph' 'usec' 'sexp' 'fuelc' 'split' 'fleetc' 'sportc' 'coverp'],311204.3815027291
1007,['ageph' 'usec' 'sexp' 'fuelc' 'split' 'fleetc' 'sportc' 'powerc'],311347.4694000466
1008,['ageph' 'usec' 'sexp' 'fuelc' 'split' 'fleetc' 'coverp' 'powerc'],311400.6497600169
1009,['ageph' 'usec' 'sexp' 'fuelc' 'split' 'sportc' 'coverp' 'powerc'],311189.5547803199
1010,['ageph' 'usec' 'sexp' 'fuelc' 'fleetc' 'sportc' 'coverp' 'powerc'],311360.0975667254
1011,['ageph' 'usec' 'sexp' 'split' 'fleetc' 'sportc' 'coverp' 'powerc'],311178.3346033158
1012,['ageph' 'usec' 'fuelc' 'split' 'fleetc' 'sportc' 'coverp' 'powerc'],311242.7350383852
1013,['ageph' 'sexp' 'fuelc' 'split' 'fleetc' 'sportc' 'coverp' 'powerc'],311214.55824718106
1014,['ageph' 'agecar' 'usec' 'sexp' 'fuelc' 'split' 'fleetc' 'sportc' 'coverp'],311137.5252508305
1015,['ageph' 'agecar' 'usec' 'sexp' 'fuelc' 'split' 'fleetc' 'sportc' 'powerc'],311251.23779835354
1016,['ageph' 'agecar' 'usec' 'sexp' 'fuelc' 'split' 'fleetc' 'coverp' 'powerc'],311311.97754422476
1017,['ageph' 'agecar' 'usec' 'sexp' 'fuelc' 'split' 'sportc' 'coverp' 'powerc'],311126.85746415827
1018,"['ageph' 'agecar' 'usec' 'sexp' 'fuelc' 'fleetc' 'sportc' 'coverp'
 'powerc']",311300.19049319904
1019,"['ageph' 'agecar' 'usec' 'sexp' 'split' 'fleetc' 'sportc' 'coverp'
 'powerc']",311111.8103079759
1020,"['ageph' 'agecar' 'usec' 'fuelc' 'split' 'fleetc' 'sportc' 'coverp'
 'powerc']",311174.0478474179
1021,"['ageph' 'agecar' 'sexp' 'fuelc' 'split' 'fleetc' 'sportc' 'coverp'
 'powerc']",311149.2633759726
1022,['ageph' 'usec' 'sexp' 'fuelc' 'split' 'fleetc' 'sportc' 'coverp' 'powerc'],311204.61904610915
1023,"['ageph' 'agecar' 'usec' 'sexp' 'fuelc' 'split' 'fleetc' 'sportc' 'coverp'
 'powerc']",311141.0174746579
